log_id,poll_timestamp,route_id,trip_id,stop_id,schedule_status,delay_seconds
1,2026-03-11 03:39:00,3M,307303:416016:417245,ALL_STOPS,CANCELED,0
2,2026-03-11 03:39:00,1,307010:414492:417199,1005,SCHEDULED,13
3,2026-03-11 03:39:00,1,307010:414492:417199,1007,SCHEDULED,13
4,2026-03-11 03:39:00,1,307010:414492:417199,1008,SCHEDULED,13
5,2026-03-11 03:39:00,1,307010:414492:417199,1009,SCHEDULED,13
6,2026-03-11 03:39:00,1,307010:414492:417199,1010,SCHEDULED,13
7,2026-03-11 03:39:00,1,307010:414492:417199,1011,SCHEDULED,13
8,2026-03-11 03:39:00,1,307010:414492:417199,1012,SCHEDULED,13
9,2026-03-11 03:39:00,1,307010:414492:417199,1013,SCHEDULED,13
10,2026-03-11 03:39:00,1,307010:414492:417199,1014,SCHEDULED,13
11,2026-03-11 03:39:00,1,307010:414492:417199,1015,SCHEDULED,13
12,2026-03-11 03:39:00,1,307010:414492:417199,1831,SCHEDULED,13
13,2026-03-11 03:39:00,1,307010:414492:417199,1828,SCHEDULED,13
14,2026-03-11 03:39:00,1,307010:414492:417199,1019,SCHEDULED,13
15,2026-03-11 03:39:00,1,307050:415733:417187,1121,SCHEDULED,0
16,2026-03-11 03:39:00,1,307050:415733:417187,1189,SCHEDULED,37
17,2026-03-11 03:39:00,1,307050:415733:417187,1190,SCHEDULED,62
18,2026-03-11 03:39:00,1,307050:415733:417187,1191,SCHEDULED,62
19,2026-03-11 03:39:00,1,307050:415733:417187,1192,SCHEDULED,62
20,2026-03-11 03:39:00,1,307050:415733:417187,1193,SCHEDULED,62
21,2026-03-11 03:39:00,1,307050:415733:417187,1194,SCHEDULED,62
22,2026-03-11 03:39:00,1,307050:415733:417187,1195,SCHEDULED,62
23,2026-03-11 03:39:00,1,307050:415733:417187,1196,SCHEDULED,62
24,2026-03-11 03:39:00,1,307050:415733:417187,1197,SCHEDULED,62
25,2026-03-11 03:39:00,1,307050:415733:417187,1198,SCHEDULED,62
26,2026-03-11 03:39:00,1,307050:415733:417187,1200,SCHEDULED,62
27,2026-03-11 03:39:00,1,307050:415733:417187,1201,SCHEDULED,62
28,2026-03-11 03:39:00,1,307050:415733:417187,1000,SCHEDULED,62
29,2026-03-11 03:39:00,1,307050:415733:417187,1002,SCHEDULED,62
30,2026-03-11 03:39:00,1,307050:415733:417187,1003,SCHEDULED,62
31,2026-03-11 03:39:00,1,307050:415733:417187,1004,SCHEDULED,62
32,2026-03-11 03:39:00,1,307050:415733:417187,1005,SCHEDULED,62
33,2026-03-11 03:39:00,1,307050:415733:417187,1007,SCHEDULED,62
34,2026-03-11 03:39:00,1,307050:415733:417187,1008,SCHEDULED,62
35,2026-03-11 03:39:00,1,307050:415733:417187,1009,SCHEDULED,62
36,2026-03-11 03:39:00,1,307050:415733:417187,1010,SCHEDULED,62
37,2026-03-11 03:39:00,1,307050:415733:417187,1011,SCHEDULED,62
38,2026-03-11 03:39:00,1,307050:415733:417187,1012,SCHEDULED,62
39,2026-03-11 03:39:00,1,307050:415733:417187,1013,SCHEDULED,62
40,2026-03-11 03:39:00,1,307050:415733:417187,1014,SCHEDULED,62
41,2026-03-11 03:39:00,1,307050:415733:417187,1015,SCHEDULED,62
42,2026-03-11 03:39:00,1,307050:415733:417187,1831,SCHEDULED,62
43,2026-03-11 03:39:00,1,307050:415733:417187,1828,SCHEDULED,62
44,2026-03-11 03:39:00,1,307050:415733:417187,1019,SCHEDULED,62
45,2026-03-11 03:39:00,17,306508:416991:417187,1150,SCHEDULED,0
46,2026-03-11 03:39:00,17,306508:416991:417187,1152,SCHEDULED,0
47,2026-03-11 03:39:00,17,306508:416991:417187,1153,SCHEDULED,0
48,2026-03-11 03:39:00,17,306508:416991:417187,1154,SCHEDULED,0
49,2026-03-11 03:39:00,17,306508:416991:417187,1155,SCHEDULED,0
50,2026-03-11 03:39:00,17,306508:416991:417187,1157,SCHEDULED,0
51,2026-03-11 03:39:00,17,306508:416991:417187,1158,SCHEDULED,0
52,2026-03-11 03:39:00,17,306508:416991:417187,1159,SCHEDULED,0
53,2026-03-11 03:39:00,17,306508:416991:417187,1160,SCHEDULED,0
54,2026-03-11 03:39:00,17,306508:416991:417187,1161,SCHEDULED,0
55,2026-03-11 03:39:00,17,306508:416991:417187,1162,SCHEDULED,0
56,2026-03-11 03:39:00,17,306508:416991:417187,1163,SCHEDULED,0
57,2026-03-11 03:39:00,17,306508:416991:417187,1165,SCHEDULED,0
58,2026-03-11 03:39:00,17,306508:416991:417187,1166,SCHEDULED,0
59,2026-03-11 03:39:00,17,306508:416991:417187,1167,SCHEDULED,0
60,2026-03-11 03:39:00,17,306508:416991:417187,1168,SCHEDULED,0
61,2026-03-11 03:39:00,17,306508:416991:417187,1169,SCHEDULED,0
62,2026-03-11 03:39:00,17,306508:416991:417187,1170,SCHEDULED,0
63,2026-03-11 03:39:00,17,306508:416991:417187,1171,SCHEDULED,0
64,2026-03-11 03:39:00,17,306508:416991:417187,1172,SCHEDULED,0
65,2026-03-11 03:39:00,17,306508:416991:417187,1173,SCHEDULED,0
66,2026-03-11 03:39:00,17,306508:416991:417187,1174,SCHEDULED,0
67,2026-03-11 03:39:00,17,306508:416991:417187,1863,SCHEDULED,0
68,2026-03-11 03:39:00,17,306508:416991:417187,1128,SCHEDULED,0
69,2026-03-11 03:39:00,17,306508:416991:417187,1130,SCHEDULED,0
70,2026-03-11 03:39:00,17,306508:416991:417187,1131,SCHEDULED,0
71,2026-03-11 03:39:00,17,306508:416991:417187,1132,SCHEDULED,0
72,2026-03-11 03:39:00,17,306508:416991:417187,1133,SCHEDULED,0
73,2026-03-11 03:39:00,17,306508:416991:417187,1345,SCHEDULED,0
74,2026-03-11 03:39:00,17,306508:416991:417187,1180,SCHEDULED,0
75,2026-03-11 03:39:00,17,306508:416991:417187,1181,SCHEDULED,0
76,2026-03-11 03:39:00,17,306508:416991:417187,1182,SCHEDULED,0
77,2026-03-11 03:39:00,17,306508:416991:417187,1183,SCHEDULED,0
78,2026-03-11 03:39:00,17,306508:416991:417187,1184,SCHEDULED,0
79,2026-03-11 03:39:00,17,306508:416991:417187,1185,SCHEDULED,0
80,2026-03-11 03:39:00,17,306508:416991:417187,1186,SCHEDULED,0
81,2026-03-11 03:39:00,17,306508:416991:417187,1187,SCHEDULED,0
82,2026-03-11 03:39:00,17,306508:416991:417187,1121,SCHEDULED,0
83,2026-03-11 03:39:00,18,306441:415008:417215,1577,SCHEDULED,44
84,2026-03-11 03:39:00,18,306441:415008:417215,1019,SCHEDULED,52
85,2026-03-11 03:39:00,17,306507:414417:417187,1139,SCHEDULED,-77
86,2026-03-11 03:39:00,17,306507:414417:417187,1140,SCHEDULED,-77
87,2026-03-11 03:39:00,17,306507:414417:417187,1141,SCHEDULED,-77
88,2026-03-11 03:39:00,17,306507:414417:417187,1142,SCHEDULED,-77
89,2026-03-11 03:39:00,17,306507:414417:417187,1143,SCHEDULED,-77
90,2026-03-11 03:39:00,17,306507:414417:417187,1144,SCHEDULED,-77
91,2026-03-11 03:39:00,17,306507:414417:417187,1146,SCHEDULED,-77
92,2026-03-11 03:39:00,17,306507:414417:417187,1147,SCHEDULED,-77
93,2026-03-11 03:39:00,17,306507:414417:417187,1148,SCHEDULED,-77
94,2026-03-11 03:39:00,17,306507:414417:417187,1150,SCHEDULED,-77
95,2026-03-11 03:39:00,2,307433:416032:417237,1231,SCHEDULED,0
96,2026-03-11 03:39:00,2,307433:416032:417237,1288,SCHEDULED,0
97,2026-03-11 03:39:00,2,307433:416032:417237,1823,SCHEDULED,0
98,2026-03-11 03:39:00,2,307433:416032:417237,1824,SCHEDULED,0
99,2026-03-11 03:39:00,2,307433:416032:417237,1290,SCHEDULED,0
100,2026-03-11 03:39:00,2,307433:416032:417237,1291,SCHEDULED,0
101,2026-03-11 03:39:00,2,307433:416032:417237,1833,SCHEDULED,0
102,2026-03-11 03:39:00,2,307433:416032:417237,1292,SCHEDULED,0
103,2026-03-11 03:39:00,2,307433:416032:417237,1293,SCHEDULED,0
104,2026-03-11 03:39:00,2,307433:416032:417237,1222,SCHEDULED,-109
105,2026-03-11 03:39:00,2,307433:416032:417237,1223,SCHEDULED,27
106,2026-03-11 03:39:00,2,307433:416032:417237,1294,SCHEDULED,27
107,2026-03-11 03:39:00,2,307433:416032:417237,1457,SCHEDULED,27
108,2026-03-11 03:39:00,2,307433:416032:417237,1458,SCHEDULED,27
109,2026-03-11 03:39:00,2,307433:416032:417237,1459,SCHEDULED,-7
110,2026-03-11 03:39:00,2,307433:416032:417237,1304,SCHEDULED,-29
111,2026-03-11 03:39:00,2,307433:416032:417237,1305,SCHEDULED,-14
112,2026-03-11 03:39:00,2,307433:416032:417237,1846,SCHEDULED,-14
113,2026-03-11 03:39:00,2,307433:416032:417237,1115,SCHEDULED,-14
114,2026-03-11 03:39:00,2,307433:416032:417237,1116,SCHEDULED,36
115,2026-03-11 03:39:00,2,307433:416032:417237,1844,SCHEDULED,36
116,2026-03-11 03:39:00,2,307433:416032:417237,1119,SCHEDULED,36
117,2026-03-11 03:39:00,2,307433:416032:417237,1120,SKIPPED,50
118,2026-03-11 03:39:00,2,307433:416032:417237,1121,SCHEDULED,-53
119,2026-03-11 03:39:00,3M,307306:415764:417245,ALL_STOPS,CANCELED,0
120,2026-03-11 03:39:00,9,307116:415189:417170,1222,SCHEDULED,0
121,2026-03-11 03:39:00,9,307116:415189:417170,1223,SCHEDULED,27
122,2026-03-11 03:39:00,9,307116:415189:417170,1224,SCHEDULED,27
123,2026-03-11 03:39:00,9,307116:415189:417170,1225,SCHEDULED,27
124,2026-03-11 03:39:00,9,307116:415189:417170,1775,SCHEDULED,27
125,2026-03-11 03:39:00,9,307116:415189:417170,1776,SCHEDULED,27
126,2026-03-11 03:39:00,9,307116:415189:417170,1777,SCHEDULED,27
127,2026-03-11 03:39:00,9,307116:415189:417170,1778,SCHEDULED,27
128,2026-03-11 03:39:00,9,307116:415189:417170,1852,SCHEDULED,27
129,2026-03-11 03:39:00,9,307116:415189:417170,1779,SCHEDULED,27
130,2026-03-11 03:39:00,9,307116:415189:417170,1780,SCHEDULED,27
131,2026-03-11 03:39:00,9,307116:415189:417170,1781,SCHEDULED,27
132,2026-03-11 03:39:00,9,307116:415189:417170,1782,SCHEDULED,27
133,2026-03-11 03:39:00,9,307116:415189:417170,1783,SCHEDULED,27
134,2026-03-11 03:39:00,9,307116:415189:417170,1784,SCHEDULED,27
135,2026-03-11 03:39:00,9,307116:415189:417170,1785,SCHEDULED,27
136,2026-03-11 03:39:00,9,307116:415189:417170,1786,SCHEDULED,27
137,2026-03-11 03:39:00,9,307116:415189:417170,1787,SCHEDULED,27
138,2026-03-11 03:39:00,9,307116:415189:417170,1788,SCHEDULED,27
139,2026-03-11 03:39:00,9,307116:415189:417170,1789,SCHEDULED,27
140,2026-03-11 03:39:00,9,307116:415189:417170,1791,SCHEDULED,27
141,2026-03-11 03:39:00,9,307116:415189:417170,1352,SCHEDULED,27
142,2026-03-11 03:39:00,9,307116:415189:417170,1353,SCHEDULED,27
143,2026-03-11 03:39:00,9,307116:415189:417170,1354,SCHEDULED,27
144,2026-03-11 03:39:00,9,307116:415189:417170,1818,SCHEDULED,27
145,2026-03-11 03:39:00,9,307116:415189:417170,1121,SCHEDULED,27
146,2026-03-11 03:39:00,9,307114:415697:417218,1473,SCHEDULED,41
147,2026-03-11 03:39:00,9,307114:415697:417218,1474,SCHEDULED,41
148,2026-03-11 03:39:00,9,307114:415697:417218,1475,SCHEDULED,41
149,2026-03-11 03:39:00,9,307114:415697:417218,1476,SCHEDULED,41
150,2026-03-11 03:39:00,9,307114:415697:417218,1853,SCHEDULED,41
151,2026-03-11 03:39:00,9,307114:415697:417218,1478,SCHEDULED,41
152,2026-03-11 03:39:00,9,307114:415697:417218,1480,SCHEDULED,41
153,2026-03-11 03:39:00,9,307114:415697:417218,1481,SCHEDULED,41
154,2026-03-11 03:39:00,9,307114:415697:417218,1482,SCHEDULED,41
155,2026-03-11 03:39:00,9,307114:415697:417218,1292,SCHEDULED,41
156,2026-03-11 03:39:00,9,307114:415697:417218,1293,SCHEDULED,41
157,2026-03-11 03:39:00,9,307114:415697:417218,1222,SCHEDULED,-8
158,2026-03-11 03:39:00,3M,307305:417005:417245,ALL_STOPS,CANCELED,0
159,2026-03-11 03:39:00,15,307505:415928:417170,1770,SCHEDULED,4
160,2026-03-11 03:39:00,15,307505:415928:417170,1771,SCHEDULED,4
161,2026-03-11 03:39:00,15,307505:415928:417170,1772,SCHEDULED,4
162,2026-03-11 03:39:00,15,307505:415928:417170,1773,SCHEDULED,4
163,2026-03-11 03:39:00,15,307505:415928:417170,1774,SCHEDULED,4
164,2026-03-11 03:39:00,15,307505:415928:417170,1220,SCHEDULED,4
165,2026-03-11 03:39:00,15,307505:415928:417170,1222,SCHEDULED,4
166,2026-03-11 03:39:00,14,306689:415936:417244,1526,SCHEDULED,20
167,2026-03-11 03:39:00,14,306689:415936:417244,1527,SCHEDULED,20
168,2026-03-11 03:39:00,14,306689:415936:417244,1528,SCHEDULED,20
169,2026-03-11 03:39:00,14,306689:415936:417244,1530,SCHEDULED,20
170,2026-03-11 03:39:00,14,306689:415936:417244,1531,SCHEDULED,20
171,2026-03-11 03:39:00,14,306689:415936:417244,1533,SCHEDULED,20
172,2026-03-11 03:39:00,14,306689:415936:417244,1535,SCHEDULED,20
173,2026-03-11 03:39:00,14,306689:415936:417244,1536,SCHEDULED,20
174,2026-03-11 03:39:00,14,306689:415936:417244,1537,SCHEDULED,20
175,2026-03-11 03:39:00,14,306689:415936:417244,1091,SCHEDULED,20
176,2026-03-11 03:39:00,14,306689:415936:417244,1019,SCHEDULED,20
177,2026-03-11 03:39:00,10,306920:414888:417176,1090,SCHEDULED,-244
178,2026-03-11 03:39:00,10,306920:414888:417176,1577,SCHEDULED,-244
179,2026-03-11 03:39:00,10,306920:414888:417176,1019,SCHEDULED,-244
180,2026-03-11 03:39:00,5,306804:416781:417237,1231,SCHEDULED,-217
181,2026-03-11 03:39:00,18,306444:414007:417199,1054,SCHEDULED,0
182,2026-03-11 03:39:00,18,306444:414007:417199,1055,SCHEDULED,0
183,2026-03-11 03:39:00,18,306444:414007:417199,1056,SCHEDULED,0
184,2026-03-11 03:39:00,18,306444:414007:417199,1057,SCHEDULED,0
185,2026-03-11 03:39:00,18,306444:414007:417199,1058,SCHEDULED,0
186,2026-03-11 03:39:00,18,306444:414007:417199,1059,SCHEDULED,0
187,2026-03-11 03:39:00,18,306444:414007:417199,1060,SCHEDULED,0
188,2026-03-11 03:39:00,18,306444:414007:417199,1061,SCHEDULED,0
189,2026-03-11 03:39:00,18,306444:414007:417199,1062,SCHEDULED,0
190,2026-03-11 03:39:00,18,306444:414007:417199,1063,SCHEDULED,0
191,2026-03-11 03:39:00,18,306444:414007:417199,1065,SCHEDULED,0
192,2026-03-11 03:39:00,18,306444:414007:417199,1066,SCHEDULED,0
193,2026-03-11 03:39:00,18,306444:414007:417199,1067,SCHEDULED,0
194,2026-03-11 03:39:00,18,306444:414007:417199,1068,SCHEDULED,0
195,2026-03-11 03:39:00,18,306444:414007:417199,1069,SCHEDULED,0
196,2026-03-11 03:39:00,18,306444:414007:417199,1070,SCHEDULED,0
197,2026-03-11 03:39:00,18,306444:414007:417199,1071,SCHEDULED,0
198,2026-03-11 03:39:00,18,306444:414007:417199,1073,SCHEDULED,0
199,2026-03-11 03:39:00,18,306444:414007:417199,1074,SCHEDULED,0
200,2026-03-11 03:39:00,18,306444:414007:417199,1075,SCHEDULED,0
201,2026-03-11 03:39:00,18,306444:414007:417199,1076,SCHEDULED,0
202,2026-03-11 03:39:00,18,306444:414007:417199,1077,SCHEDULED,0
203,2026-03-11 03:39:00,18,306444:414007:417199,1079,SCHEDULED,0
204,2026-03-11 03:39:00,18,306444:414007:417199,1080,SCHEDULED,0
205,2026-03-11 03:39:00,18,306444:414007:417199,1081,SCHEDULED,0
206,2026-03-11 03:39:00,18,306444:414007:417199,1083,SCHEDULED,0
207,2026-03-11 03:39:00,18,306444:414007:417199,1084,SCHEDULED,0
208,2026-03-11 03:39:00,18,306444:414007:417199,1085,SCHEDULED,0
209,2026-03-11 03:39:00,18,306444:414007:417199,1086,SCHEDULED,0
210,2026-03-11 03:39:00,18,306444:414007:417199,1087,SCHEDULED,0
211,2026-03-11 03:39:00,18,306444:414007:417199,1843,SCHEDULED,0
212,2026-03-11 03:39:00,18,306444:414007:417199,1577,SCHEDULED,0
213,2026-03-11 03:39:00,18,306444:414007:417199,1019,SCHEDULED,0
214,2026-03-11 03:39:00,2,307435:415012:417217,1231,SCHEDULED,0
215,2026-03-11 03:39:00,2,307435:415012:417217,1288,SCHEDULED,27
216,2026-03-11 03:39:00,2,307435:415012:417217,1823,SCHEDULED,27
217,2026-03-11 03:39:00,2,307435:415012:417217,1824,SCHEDULED,27
218,2026-03-11 03:39:00,2,307435:415012:417217,1290,SCHEDULED,27
219,2026-03-11 03:39:00,2,307435:415012:417217,1291,SCHEDULED,27
220,2026-03-11 03:39:00,2,307435:415012:417217,1833,SCHEDULED,27
221,2026-03-11 03:39:00,2,307435:415012:417217,1292,SCHEDULED,27
222,2026-03-11 03:39:00,2,307435:415012:417217,1293,SCHEDULED,27
223,2026-03-11 03:39:00,2,307435:415012:417217,1222,SCHEDULED,-82
224,2026-03-11 03:39:00,2,307435:415012:417217,1223,SCHEDULED,27
225,2026-03-11 03:39:00,2,307435:415012:417217,1294,SCHEDULED,27
226,2026-03-11 03:39:00,2,307435:415012:417217,1457,SCHEDULED,27
227,2026-03-11 03:39:00,2,307435:415012:417217,1458,SCHEDULED,27
228,2026-03-11 03:39:00,2,307435:415012:417217,1459,SCHEDULED,-7
229,2026-03-11 03:39:00,2,307435:415012:417217,1304,SCHEDULED,-29
230,2026-03-11 03:39:00,2,307435:415012:417217,1305,SCHEDULED,-14
231,2026-03-11 03:39:00,2,307435:415012:417217,1846,SCHEDULED,-14
232,2026-03-11 03:39:00,2,307435:415012:417217,1115,SCHEDULED,-14
233,2026-03-11 03:39:00,2,307435:415012:417217,1116,SCHEDULED,36
234,2026-03-11 03:39:00,2,307435:415012:417217,1844,SCHEDULED,36
235,2026-03-11 03:39:00,2,307435:415012:417217,1119,SCHEDULED,36
236,2026-03-11 03:39:00,2,307435:415012:417217,1120,SKIPPED,50
237,2026-03-11 03:39:00,2,307435:415012:417217,1121,SCHEDULED,-53
238,2026-03-11 03:39:00,18,306443:415692:417199,1019,SCHEDULED,0
239,2026-03-11 03:39:00,18,306443:415692:417199,1021,SCHEDULED,0
240,2026-03-11 03:39:00,18,306443:415692:417199,1842,SCHEDULED,0
241,2026-03-11 03:39:00,18,306443:415692:417199,1026,SCHEDULED,0
242,2026-03-11 03:39:00,18,306443:415692:417199,1027,SCHEDULED,0
243,2026-03-11 03:39:00,18,306443:415692:417199,1028,SCHEDULED,0
244,2026-03-11 03:39:00,18,306443:415692:417199,1029,SCHEDULED,0
245,2026-03-11 03:39:00,18,306443:415692:417199,1030,SCHEDULED,0
246,2026-03-11 03:39:00,18,306443:415692:417199,1031,SCHEDULED,0
247,2026-03-11 03:39:00,18,306443:415692:417199,1034,SCHEDULED,0
248,2026-03-11 03:39:00,18,306443:415692:417199,1035,SCHEDULED,0
249,2026-03-11 03:39:00,18,306443:415692:417199,1036,SCHEDULED,0
250,2026-03-11 03:39:00,18,306443:415692:417199,1037,SCHEDULED,0
251,2026-03-11 03:39:00,18,306443:415692:417199,1038,SCHEDULED,0
252,2026-03-11 03:39:00,18,306443:415692:417199,1039,SCHEDULED,0
253,2026-03-11 03:39:00,18,306443:415692:417199,1040,SCHEDULED,0
254,2026-03-11 03:39:00,18,306443:415692:417199,1041,SCHEDULED,0
255,2026-03-11 03:39:00,18,306443:415692:417199,1042,SCHEDULED,0
256,2026-03-11 03:39:00,18,306443:415692:417199,1043,SCHEDULED,0
257,2026-03-11 03:39:00,18,306443:415692:417199,1044,SCHEDULED,0
258,2026-03-11 03:39:00,18,306443:415692:417199,1045,SCHEDULED,0
259,2026-03-11 03:39:00,18,306443:415692:417199,1046,SCHEDULED,0
260,2026-03-11 03:39:00,18,306443:415692:417199,1047,SCHEDULED,0
261,2026-03-11 03:39:00,18,306443:415692:417199,1048,SCHEDULED,0
262,2026-03-11 03:39:00,18,306443:415692:417199,1049,SCHEDULED,0
263,2026-03-11 03:39:00,18,306443:415692:417199,1050,SCHEDULED,0
264,2026-03-11 03:39:00,18,306443:415692:417199,1051,SCHEDULED,0
265,2026-03-11 03:39:00,18,306443:415692:417199,1052,SCHEDULED,0
266,2026-03-11 03:39:00,18,306443:415692:417199,1053,SCHEDULED,0
267,2026-03-11 03:39:00,18,306443:415692:417199,1054,SCHEDULED,0
268,2026-03-11 03:39:00,2,307434:415266:417217,1222,SCHEDULED,-104
269,2026-03-11 03:39:00,2,307434:415266:417217,1223,SCHEDULED,27
270,2026-03-11 03:39:00,2,307434:415266:417217,1224,SCHEDULED,27
271,2026-03-11 03:39:00,2,307434:415266:417217,1867,SCHEDULED,27
272,2026-03-11 03:39:00,2,307434:415266:417217,1226,SCHEDULED,27
273,2026-03-11 03:39:00,2,307434:415266:417217,1227,SCHEDULED,27
274,2026-03-11 03:39:00,2,307434:415266:417217,1228,SCHEDULED,27
275,2026-03-11 03:39:00,2,307434:415266:417217,1229,SCHEDULED,27
276,2026-03-11 03:39:00,2,307434:415266:417217,1230,SCHEDULED,27
277,2026-03-11 03:39:00,2,307434:415266:417217,1231,SCHEDULED,27
278,2026-03-11 03:39:00,1,307049:416535:417215,1019,SCHEDULED,0
279,2026-03-11 03:39:00,1,307049:416535:417215,1829,SCHEDULED,0
280,2026-03-11 03:39:00,1,307049:416535:417215,1093,SCHEDULED,0
281,2026-03-11 03:39:00,1,307049:416535:417215,1094,SCHEDULED,0
282,2026-03-11 03:39:00,1,307049:416535:417215,1095,SCHEDULED,0
283,2026-03-11 03:39:00,1,307049:416535:417215,1096,SCHEDULED,0
284,2026-03-11 03:39:00,1,307049:416535:417215,1097,SCHEDULED,0
285,2026-03-11 03:39:00,1,307049:416535:417215,1098,SCHEDULED,0
286,2026-03-11 03:39:00,1,307049:416535:417215,1099,SCHEDULED,0
287,2026-03-11 03:39:00,1,307049:416535:417215,1100,SCHEDULED,0
288,2026-03-11 03:39:00,1,307049:416535:417215,1101,SCHEDULED,0
289,2026-03-11 03:39:00,1,307049:416535:417215,1102,SCHEDULED,0
290,2026-03-11 03:39:00,1,307049:416535:417215,1104,SCHEDULED,0
291,2026-03-11 03:39:00,1,307049:416535:417215,1105,SCHEDULED,0
292,2026-03-11 03:39:00,1,307049:416535:417215,1106,SCHEDULED,0
293,2026-03-11 03:39:00,1,307049:416535:417215,1108,SCHEDULED,0
294,2026-03-11 03:39:00,1,307049:416535:417215,1112,SCHEDULED,0
295,2026-03-11 03:39:00,1,307049:416535:417215,1113,SCHEDULED,0
296,2026-03-11 03:39:00,1,307049:416535:417215,1114,SCHEDULED,0
297,2026-03-11 03:39:00,1,307049:416535:417215,1115,SCHEDULED,0
298,2026-03-11 03:39:00,1,307049:416535:417215,1116,SCHEDULED,-40
299,2026-03-11 03:39:00,1,307049:416535:417215,1117,SCHEDULED,-40
300,2026-03-11 03:39:00,1,307049:416535:417215,1118,SCHEDULED,-40
301,2026-03-11 03:39:00,1,307049:416535:417215,1119,SCHEDULED,-40
302,2026-03-11 03:39:00,1,307049:416535:417215,1120,SKIPPED,-26
303,2026-03-11 03:39:00,1,307049:416535:417215,1121,SCHEDULED,-128
304,2026-03-11 03:39:00,3M,307308:414491:417245,ALL_STOPS,CANCELED,0
305,2026-03-11 03:40:00,3M,307303:416016:417245,ALL_STOPS,CANCELED,0
306,2026-03-11 03:40:00,1,307010:414492:417199,1007,SCHEDULED,14
307,2026-03-11 03:40:00,1,307010:414492:417199,1008,SCHEDULED,14
308,2026-03-11 03:40:00,1,307010:414492:417199,1009,SCHEDULED,14
309,2026-03-11 03:40:00,1,307010:414492:417199,1010,SCHEDULED,14
310,2026-03-11 03:40:00,1,307010:414492:417199,1011,SCHEDULED,14
311,2026-03-11 03:40:00,1,307010:414492:417199,1012,SCHEDULED,14
312,2026-03-11 03:40:00,1,307010:414492:417199,1013,SCHEDULED,14
313,2026-03-11 03:40:00,1,307010:414492:417199,1014,SCHEDULED,14
314,2026-03-11 03:40:00,1,307010:414492:417199,1015,SCHEDULED,14
315,2026-03-11 03:40:00,1,307010:414492:417199,1831,SCHEDULED,14
316,2026-03-11 03:40:00,1,307010:414492:417199,1828,SCHEDULED,14
317,2026-03-11 03:40:00,1,307010:414492:417199,1019,SCHEDULED,14
318,2026-03-11 03:40:00,1,307050:415733:417187,1121,SCHEDULED,0
319,2026-03-11 03:40:00,1,307050:415733:417187,1189,SCHEDULED,37
320,2026-03-11 03:40:00,1,307050:415733:417187,1190,SCHEDULED,62
321,2026-03-11 03:40:00,1,307050:415733:417187,1191,SCHEDULED,62
322,2026-03-11 03:40:00,1,307050:415733:417187,1192,SCHEDULED,62
323,2026-03-11 03:40:00,1,307050:415733:417187,1193,SCHEDULED,62
324,2026-03-11 03:40:00,1,307050:415733:417187,1194,SCHEDULED,62
325,2026-03-11 03:40:00,1,307050:415733:417187,1195,SCHEDULED,62
326,2026-03-11 03:40:00,1,307050:415733:417187,1196,SCHEDULED,62
327,2026-03-11 03:40:00,1,307050:415733:417187,1197,SCHEDULED,62
328,2026-03-11 03:40:00,1,307050:415733:417187,1198,SCHEDULED,62
329,2026-03-11 03:40:00,1,307050:415733:417187,1200,SCHEDULED,62
330,2026-03-11 03:40:00,1,307050:415733:417187,1201,SCHEDULED,62
331,2026-03-11 03:40:00,1,307050:415733:417187,1000,SCHEDULED,62
332,2026-03-11 03:40:00,1,307050:415733:417187,1002,SCHEDULED,62
333,2026-03-11 03:40:00,1,307050:415733:417187,1003,SCHEDULED,62
334,2026-03-11 03:40:00,1,307050:415733:417187,1004,SCHEDULED,62
335,2026-03-11 03:40:00,1,307050:415733:417187,1005,SCHEDULED,62
336,2026-03-11 03:40:00,1,307050:415733:417187,1007,SCHEDULED,62
337,2026-03-11 03:40:00,1,307050:415733:417187,1008,SCHEDULED,62
338,2026-03-11 03:40:00,1,307050:415733:417187,1009,SCHEDULED,62
339,2026-03-11 03:40:00,1,307050:415733:417187,1010,SCHEDULED,62
340,2026-03-11 03:40:00,1,307050:415733:417187,1011,SCHEDULED,62
341,2026-03-11 03:40:00,1,307050:415733:417187,1012,SCHEDULED,62
342,2026-03-11 03:40:00,1,307050:415733:417187,1013,SCHEDULED,62
343,2026-03-11 03:40:00,1,307050:415733:417187,1014,SCHEDULED,62
344,2026-03-11 03:40:00,1,307050:415733:417187,1015,SCHEDULED,62
345,2026-03-11 03:40:00,1,307050:415733:417187,1831,SCHEDULED,62
346,2026-03-11 03:40:00,1,307050:415733:417187,1828,SCHEDULED,62
347,2026-03-11 03:40:00,1,307050:415733:417187,1019,SCHEDULED,62
348,2026-03-11 03:40:00,17,306508:416991:417187,1150,SCHEDULED,0
349,2026-03-11 03:40:00,17,306508:416991:417187,1152,SCHEDULED,0
350,2026-03-11 03:40:00,17,306508:416991:417187,1153,SCHEDULED,0
351,2026-03-11 03:40:00,17,306508:416991:417187,1154,SCHEDULED,0
352,2026-03-11 03:40:00,17,306508:416991:417187,1155,SCHEDULED,0
353,2026-03-11 03:40:00,17,306508:416991:417187,1157,SCHEDULED,0
354,2026-03-11 03:40:00,17,306508:416991:417187,1158,SCHEDULED,0
355,2026-03-11 03:40:00,17,306508:416991:417187,1159,SCHEDULED,0
356,2026-03-11 03:40:00,17,306508:416991:417187,1160,SCHEDULED,0
357,2026-03-11 03:40:00,17,306508:416991:417187,1161,SCHEDULED,0
358,2026-03-11 03:40:00,17,306508:416991:417187,1162,SCHEDULED,0
359,2026-03-11 03:40:00,17,306508:416991:417187,1163,SCHEDULED,0
360,2026-03-11 03:40:00,17,306508:416991:417187,1165,SCHEDULED,0
361,2026-03-11 03:40:00,17,306508:416991:417187,1166,SCHEDULED,0
362,2026-03-11 03:40:00,17,306508:416991:417187,1167,SCHEDULED,0
363,2026-03-11 03:40:00,17,306508:416991:417187,1168,SCHEDULED,0
364,2026-03-11 03:40:00,17,306508:416991:417187,1169,SCHEDULED,0
365,2026-03-11 03:40:00,17,306508:416991:417187,1170,SCHEDULED,0
366,2026-03-11 03:40:00,17,306508:416991:417187,1171,SCHEDULED,0
367,2026-03-11 03:40:00,17,306508:416991:417187,1172,SCHEDULED,0
368,2026-03-11 03:40:00,17,306508:416991:417187,1173,SCHEDULED,0
369,2026-03-11 03:40:00,17,306508:416991:417187,1174,SCHEDULED,0
370,2026-03-11 03:40:00,17,306508:416991:417187,1863,SCHEDULED,0
371,2026-03-11 03:40:00,17,306508:416991:417187,1128,SCHEDULED,0
372,2026-03-11 03:40:00,17,306508:416991:417187,1130,SCHEDULED,0
373,2026-03-11 03:40:00,17,306508:416991:417187,1131,SCHEDULED,0
374,2026-03-11 03:40:00,17,306508:416991:417187,1132,SCHEDULED,0
375,2026-03-11 03:40:00,17,306508:416991:417187,1133,SCHEDULED,0
376,2026-03-11 03:40:00,17,306508:416991:417187,1345,SCHEDULED,0
377,2026-03-11 03:40:00,17,306508:416991:417187,1180,SCHEDULED,0
378,2026-03-11 03:40:00,17,306508:416991:417187,1181,SCHEDULED,0
379,2026-03-11 03:40:00,17,306508:416991:417187,1182,SCHEDULED,0
380,2026-03-11 03:40:00,17,306508:416991:417187,1183,SCHEDULED,0
381,2026-03-11 03:40:00,17,306508:416991:417187,1184,SCHEDULED,0
382,2026-03-11 03:40:00,17,306508:416991:417187,1185,SCHEDULED,0
383,2026-03-11 03:40:00,17,306508:416991:417187,1186,SCHEDULED,0
384,2026-03-11 03:40:00,17,306508:416991:417187,1187,SCHEDULED,0
385,2026-03-11 03:40:00,17,306508:416991:417187,1121,SCHEDULED,0
386,2026-03-11 03:40:00,17,306507:414417:417187,1141,SCHEDULED,-67
387,2026-03-11 03:40:00,17,306507:414417:417187,1142,SCHEDULED,-67
388,2026-03-11 03:40:00,17,306507:414417:417187,1143,SCHEDULED,-67
389,2026-03-11 03:40:00,17,306507:414417:417187,1144,SCHEDULED,-67
390,2026-03-11 03:40:00,17,306507:414417:417187,1146,SCHEDULED,-67
391,2026-03-11 03:40:00,17,306507:414417:417187,1147,SCHEDULED,-67
392,2026-03-11 03:40:00,17,306507:414417:417187,1148,SCHEDULED,-67
393,2026-03-11 03:40:00,17,306507:414417:417187,1150,SCHEDULED,-67
394,2026-03-11 03:40:00,2,307433:416032:417237,1231,SCHEDULED,0
395,2026-03-11 03:40:00,2,307433:416032:417237,1288,SCHEDULED,0
396,2026-03-11 03:40:00,2,307433:416032:417237,1823,SCHEDULED,0
397,2026-03-11 03:40:00,2,307433:416032:417237,1824,SCHEDULED,0
398,2026-03-11 03:40:00,2,307433:416032:417237,1290,SCHEDULED,0
399,2026-03-11 03:40:00,2,307433:416032:417237,1291,SCHEDULED,0
400,2026-03-11 03:40:00,2,307433:416032:417237,1833,SCHEDULED,0
401,2026-03-11 03:40:00,2,307433:416032:417237,1292,SCHEDULED,0
402,2026-03-11 03:40:00,2,307433:416032:417237,1293,SCHEDULED,0
403,2026-03-11 03:40:00,2,307433:416032:417237,1222,SCHEDULED,-109
404,2026-03-11 03:40:00,2,307433:416032:417237,1223,SCHEDULED,27
405,2026-03-11 03:40:00,2,307433:416032:417237,1294,SCHEDULED,27
406,2026-03-11 03:40:00,2,307433:416032:417237,1457,SCHEDULED,27
407,2026-03-11 03:40:00,2,307433:416032:417237,1458,SCHEDULED,27
408,2026-03-11 03:40:00,2,307433:416032:417237,1459,SCHEDULED,-7
409,2026-03-11 03:40:00,2,307433:416032:417237,1304,SCHEDULED,-29
410,2026-03-11 03:40:00,2,307433:416032:417237,1305,SCHEDULED,-14
411,2026-03-11 03:40:00,2,307433:416032:417237,1846,SCHEDULED,-14
412,2026-03-11 03:40:00,2,307433:416032:417237,1115,SCHEDULED,-14
413,2026-03-11 03:40:00,2,307433:416032:417237,1116,SCHEDULED,36
414,2026-03-11 03:40:00,2,307433:416032:417237,1844,SCHEDULED,36
415,2026-03-11 03:40:00,2,307433:416032:417237,1119,SCHEDULED,36
416,2026-03-11 03:40:00,2,307433:416032:417237,1120,SKIPPED,50
417,2026-03-11 03:40:00,2,307433:416032:417237,1121,SCHEDULED,-53
418,2026-03-11 03:40:00,3M,307306:415764:417245,ALL_STOPS,CANCELED,0
419,2026-03-11 03:40:00,9,307116:415189:417170,1222,SCHEDULED,0
420,2026-03-11 03:40:00,9,307116:415189:417170,1223,SCHEDULED,76
421,2026-03-11 03:40:00,9,307116:415189:417170,1224,SCHEDULED,76
422,2026-03-11 03:40:00,9,307116:415189:417170,1225,SCHEDULED,76
423,2026-03-11 03:40:00,9,307116:415189:417170,1775,SCHEDULED,76
424,2026-03-11 03:40:00,9,307116:415189:417170,1776,SCHEDULED,76
425,2026-03-11 03:40:00,9,307116:415189:417170,1777,SCHEDULED,76
426,2026-03-11 03:40:00,9,307116:415189:417170,1778,SCHEDULED,76
427,2026-03-11 03:40:00,9,307116:415189:417170,1852,SCHEDULED,76
428,2026-03-11 03:40:00,9,307116:415189:417170,1779,SCHEDULED,76
429,2026-03-11 03:40:00,9,307116:415189:417170,1780,SCHEDULED,76
430,2026-03-11 03:40:00,9,307116:415189:417170,1781,SCHEDULED,76
431,2026-03-11 03:40:00,9,307116:415189:417170,1782,SCHEDULED,76
432,2026-03-11 03:40:00,9,307116:415189:417170,1783,SCHEDULED,76
433,2026-03-11 03:40:00,9,307116:415189:417170,1784,SCHEDULED,76
434,2026-03-11 03:40:00,9,307116:415189:417170,1785,SCHEDULED,76
435,2026-03-11 03:40:00,9,307116:415189:417170,1786,SCHEDULED,76
436,2026-03-11 03:40:00,9,307116:415189:417170,1787,SCHEDULED,76
437,2026-03-11 03:40:00,9,307116:415189:417170,1788,SCHEDULED,76
438,2026-03-11 03:40:00,9,307116:415189:417170,1789,SCHEDULED,76
439,2026-03-11 03:40:00,9,307116:415189:417170,1791,SCHEDULED,76
440,2026-03-11 03:40:00,9,307116:415189:417170,1352,SCHEDULED,76
441,2026-03-11 03:40:00,9,307116:415189:417170,1353,SCHEDULED,76
442,2026-03-11 03:40:00,9,307116:415189:417170,1354,SCHEDULED,76
443,2026-03-11 03:40:00,9,307116:415189:417170,1818,SCHEDULED,76
444,2026-03-11 03:40:00,9,307116:415189:417170,1121,SCHEDULED,76
445,2026-03-11 03:40:00,9,307114:415697:417218,1474,SCHEDULED,-1
446,2026-03-11 03:40:00,9,307114:415697:417218,1475,SCHEDULED,0
447,2026-03-11 03:40:00,9,307114:415697:417218,1476,SCHEDULED,0
448,2026-03-11 03:40:00,9,307114:415697:417218,1853,SCHEDULED,0
449,2026-03-11 03:40:00,9,307114:415697:417218,1478,SCHEDULED,0
450,2026-03-11 03:40:00,9,307114:415697:417218,1480,SCHEDULED,0
451,2026-03-11 03:40:00,9,307114:415697:417218,1481,SCHEDULED,0
452,2026-03-11 03:40:00,9,307114:415697:417218,1482,SCHEDULED,0
453,2026-03-11 03:40:00,9,307114:415697:417218,1292,SCHEDULED,0
454,2026-03-11 03:40:00,9,307114:415697:417218,1293,SCHEDULED,0
455,2026-03-11 03:40:00,9,307114:415697:417218,1222,SCHEDULED,-49
456,2026-03-11 03:40:00,3M,307305:417005:417245,ALL_STOPS,CANCELED,0
457,2026-03-11 03:40:00,15,307505:415928:417170,1771,SCHEDULED,49
458,2026-03-11 03:40:00,15,307505:415928:417170,1772,SCHEDULED,49
459,2026-03-11 03:40:00,15,307505:415928:417170,1773,SCHEDULED,49
460,2026-03-11 03:40:00,15,307505:415928:417170,1774,SCHEDULED,49
461,2026-03-11 03:40:00,15,307505:415928:417170,1220,SCHEDULED,49
462,2026-03-11 03:40:00,15,307505:415928:417170,1222,SCHEDULED,49
463,2026-03-11 03:40:00,14,306689:415936:417244,1527,SCHEDULED,48
464,2026-03-11 03:40:00,14,306689:415936:417244,1528,SCHEDULED,48
465,2026-03-11 03:40:00,14,306689:415936:417244,1530,SCHEDULED,48
466,2026-03-11 03:40:00,14,306689:415936:417244,1531,SCHEDULED,48
467,2026-03-11 03:40:00,14,306689:415936:417244,1533,SCHEDULED,48
468,2026-03-11 03:40:00,14,306689:415936:417244,1535,SCHEDULED,48
469,2026-03-11 03:40:00,14,306689:415936:417244,1536,SCHEDULED,48
470,2026-03-11 03:40:00,14,306689:415936:417244,1537,SCHEDULED,48
471,2026-03-11 03:40:00,14,306689:415936:417244,1091,SCHEDULED,48
472,2026-03-11 03:40:00,14,306689:415936:417244,1019,SCHEDULED,48
473,2026-03-11 03:40:00,18,306444:414007:417199,1054,SCHEDULED,0
474,2026-03-11 03:40:00,18,306444:414007:417199,1055,SCHEDULED,0
475,2026-03-11 03:40:00,18,306444:414007:417199,1056,SCHEDULED,0
476,2026-03-11 03:40:00,18,306444:414007:417199,1057,SCHEDULED,0
477,2026-03-11 03:40:00,18,306444:414007:417199,1058,SCHEDULED,0
478,2026-03-11 03:40:00,18,306444:414007:417199,1059,SCHEDULED,0
479,2026-03-11 03:40:00,18,306444:414007:417199,1060,SCHEDULED,0
480,2026-03-11 03:40:00,18,306444:414007:417199,1061,SCHEDULED,0
481,2026-03-11 03:40:00,18,306444:414007:417199,1062,SCHEDULED,0
482,2026-03-11 03:40:00,18,306444:414007:417199,1063,SCHEDULED,0
483,2026-03-11 03:40:00,18,306444:414007:417199,1065,SCHEDULED,0
484,2026-03-11 03:40:00,18,306444:414007:417199,1066,SCHEDULED,0
485,2026-03-11 03:40:00,18,306444:414007:417199,1067,SCHEDULED,0
486,2026-03-11 03:40:00,18,306444:414007:417199,1068,SCHEDULED,0
487,2026-03-11 03:40:00,18,306444:414007:417199,1069,SCHEDULED,0
488,2026-03-11 03:40:00,18,306444:414007:417199,1070,SCHEDULED,0
489,2026-03-11 03:40:00,18,306444:414007:417199,1071,SCHEDULED,0
490,2026-03-11 03:40:00,18,306444:414007:417199,1073,SCHEDULED,0
491,2026-03-11 03:40:00,18,306444:414007:417199,1074,SCHEDULED,0
492,2026-03-11 03:40:00,18,306444:414007:417199,1075,SCHEDULED,0
493,2026-03-11 03:40:00,18,306444:414007:417199,1076,SCHEDULED,0
494,2026-03-11 03:40:00,18,306444:414007:417199,1077,SCHEDULED,0
495,2026-03-11 03:40:00,18,306444:414007:417199,1079,SCHEDULED,0
496,2026-03-11 03:40:00,18,306444:414007:417199,1080,SCHEDULED,0
497,2026-03-11 03:40:00,18,306444:414007:417199,1081,SCHEDULED,0
498,2026-03-11 03:40:00,18,306444:414007:417199,1083,SCHEDULED,0
499,2026-03-11 03:40:00,18,306444:414007:417199,1084,SCHEDULED,0
500,2026-03-11 03:40:00,18,306444:414007:417199,1085,SCHEDULED,0
501,2026-03-11 03:40:00,18,306444:414007:417199,1086,SCHEDULED,0
502,2026-03-11 03:40:00,18,306444:414007:417199,1087,SCHEDULED,0
503,2026-03-11 03:40:00,18,306444:414007:417199,1843,SCHEDULED,0
504,2026-03-11 03:40:00,18,306444:414007:417199,1577,SCHEDULED,0
505,2026-03-11 03:40:00,18,306444:414007:417199,1019,SCHEDULED,0
506,2026-03-11 03:40:00,2,307435:415012:417217,1231,SCHEDULED,0
507,2026-03-11 03:40:00,2,307435:415012:417217,1288,SCHEDULED,27
508,2026-03-11 03:40:00,2,307435:415012:417217,1823,SCHEDULED,27
509,2026-03-11 03:40:00,2,307435:415012:417217,1824,SCHEDULED,27
510,2026-03-11 03:40:00,2,307435:415012:417217,1290,SCHEDULED,27
511,2026-03-11 03:40:00,2,307435:415012:417217,1291,SCHEDULED,27
512,2026-03-11 03:40:00,2,307435:415012:417217,1833,SCHEDULED,27
513,2026-03-11 03:40:00,2,307435:415012:417217,1292,SCHEDULED,27
514,2026-03-11 03:40:00,2,307435:415012:417217,1293,SCHEDULED,27
515,2026-03-11 03:40:00,2,307435:415012:417217,1222,SCHEDULED,-82
516,2026-03-11 03:40:00,2,307435:415012:417217,1223,SCHEDULED,27
517,2026-03-11 03:40:00,2,307435:415012:417217,1294,SCHEDULED,27
518,2026-03-11 03:40:00,2,307435:415012:417217,1457,SCHEDULED,27
519,2026-03-11 03:40:00,2,307435:415012:417217,1458,SCHEDULED,27
520,2026-03-11 03:40:00,2,307435:415012:417217,1459,SCHEDULED,-7
521,2026-03-11 03:40:00,2,307435:415012:417217,1304,SCHEDULED,-29
522,2026-03-11 03:40:00,2,307435:415012:417217,1305,SCHEDULED,-14
523,2026-03-11 03:40:00,2,307435:415012:417217,1846,SCHEDULED,-14
524,2026-03-11 03:40:00,2,307435:415012:417217,1115,SCHEDULED,-14
525,2026-03-11 03:40:00,2,307435:415012:417217,1116,SCHEDULED,36
526,2026-03-11 03:40:00,2,307435:415012:417217,1844,SCHEDULED,36
527,2026-03-11 03:40:00,2,307435:415012:417217,1119,SCHEDULED,36
528,2026-03-11 03:40:00,2,307435:415012:417217,1120,SKIPPED,50
529,2026-03-11 03:40:00,2,307435:415012:417217,1121,SCHEDULED,-53
530,2026-03-11 03:40:00,18,306443:415692:417199,1019,SCHEDULED,0
531,2026-03-11 03:40:00,18,306443:415692:417199,1021,SCHEDULED,0
532,2026-03-11 03:40:00,18,306443:415692:417199,1842,SCHEDULED,0
533,2026-03-11 03:40:00,18,306443:415692:417199,1026,SCHEDULED,0
534,2026-03-11 03:40:00,18,306443:415692:417199,1027,SCHEDULED,0
535,2026-03-11 03:40:00,18,306443:415692:417199,1028,SCHEDULED,0
536,2026-03-11 03:40:00,18,306443:415692:417199,1029,SCHEDULED,0
537,2026-03-11 03:40:00,18,306443:415692:417199,1030,SCHEDULED,0
538,2026-03-11 03:40:00,18,306443:415692:417199,1031,SCHEDULED,0
539,2026-03-11 03:40:00,18,306443:415692:417199,1034,SCHEDULED,0
540,2026-03-11 03:40:00,18,306443:415692:417199,1035,SCHEDULED,0
541,2026-03-11 03:40:00,18,306443:415692:417199,1036,SCHEDULED,0
542,2026-03-11 03:40:00,18,306443:415692:417199,1037,SCHEDULED,0
543,2026-03-11 03:40:00,18,306443:415692:417199,1038,SCHEDULED,0
544,2026-03-11 03:40:00,18,306443:415692:417199,1039,SCHEDULED,0
545,2026-03-11 03:40:00,18,306443:415692:417199,1040,SCHEDULED,0
546,2026-03-11 03:40:00,18,306443:415692:417199,1041,SCHEDULED,0
547,2026-03-11 03:40:00,18,306443:415692:417199,1042,SCHEDULED,0
548,2026-03-11 03:40:00,18,306443:415692:417199,1043,SCHEDULED,0
549,2026-03-11 03:40:00,18,306443:415692:417199,1044,SCHEDULED,0
550,2026-03-11 03:40:00,18,306443:415692:417199,1045,SCHEDULED,0
551,2026-03-11 03:40:00,18,306443:415692:417199,1046,SCHEDULED,0
552,2026-03-11 03:40:00,18,306443:415692:417199,1047,SCHEDULED,0
553,2026-03-11 03:40:00,18,306443:415692:417199,1048,SCHEDULED,0
554,2026-03-11 03:40:00,18,306443:415692:417199,1049,SCHEDULED,0
555,2026-03-11 03:40:00,18,306443:415692:417199,1050,SCHEDULED,0
556,2026-03-11 03:40:00,18,306443:415692:417199,1051,SCHEDULED,0
557,2026-03-11 03:40:00,18,306443:415692:417199,1052,SCHEDULED,0
558,2026-03-11 03:40:00,18,306443:415692:417199,1053,SCHEDULED,0
559,2026-03-11 03:40:00,18,306443:415692:417199,1054,SCHEDULED,0
560,2026-03-11 03:40:00,2,307434:415266:417217,1222,SCHEDULED,-161
561,2026-03-11 03:40:00,2,307434:415266:417217,1223,SCHEDULED,27
562,2026-03-11 03:40:00,2,307434:415266:417217,1224,SCHEDULED,27
563,2026-03-11 03:40:00,2,307434:415266:417217,1867,SCHEDULED,27
564,2026-03-11 03:40:00,2,307434:415266:417217,1226,SCHEDULED,27
565,2026-03-11 03:40:00,2,307434:415266:417217,1227,SCHEDULED,27
566,2026-03-11 03:40:00,2,307434:415266:417217,1228,SCHEDULED,27
567,2026-03-11 03:40:00,2,307434:415266:417217,1229,SCHEDULED,27
568,2026-03-11 03:40:00,2,307434:415266:417217,1230,SCHEDULED,27
569,2026-03-11 03:40:00,2,307434:415266:417217,1231,SCHEDULED,27
570,2026-03-11 03:40:00,1,307049:416535:417215,1019,SCHEDULED,0
571,2026-03-11 03:40:00,1,307049:416535:417215,1829,SCHEDULED,0
572,2026-03-11 03:40:00,1,307049:416535:417215,1093,SCHEDULED,0
573,2026-03-11 03:40:00,1,307049:416535:417215,1094,SCHEDULED,0
574,2026-03-11 03:40:00,1,307049:416535:417215,1095,SCHEDULED,0
575,2026-03-11 03:40:00,1,307049:416535:417215,1096,SCHEDULED,0
576,2026-03-11 03:40:00,1,307049:416535:417215,1097,SCHEDULED,0
577,2026-03-11 03:40:00,1,307049:416535:417215,1098,SCHEDULED,0
578,2026-03-11 03:40:00,1,307049:416535:417215,1099,SCHEDULED,0
579,2026-03-11 03:40:00,1,307049:416535:417215,1100,SCHEDULED,0
580,2026-03-11 03:40:00,1,307049:416535:417215,1101,SCHEDULED,0
581,2026-03-11 03:40:00,1,307049:416535:417215,1102,SCHEDULED,0
582,2026-03-11 03:40:00,1,307049:416535:417215,1104,SCHEDULED,0
583,2026-03-11 03:40:00,1,307049:416535:417215,1105,SCHEDULED,0
584,2026-03-11 03:40:00,1,307049:416535:417215,1106,SCHEDULED,0
585,2026-03-11 03:40:00,1,307049:416535:417215,1108,SCHEDULED,0
586,2026-03-11 03:40:00,1,307049:416535:417215,1112,SCHEDULED,0
587,2026-03-11 03:40:00,1,307049:416535:417215,1113,SCHEDULED,0
588,2026-03-11 03:40:00,1,307049:416535:417215,1114,SCHEDULED,0
589,2026-03-11 03:40:00,1,307049:416535:417215,1115,SCHEDULED,0
590,2026-03-11 03:40:00,1,307049:416535:417215,1116,SCHEDULED,-40
591,2026-03-11 03:40:00,1,307049:416535:417215,1117,SCHEDULED,-40
592,2026-03-11 03:40:00,1,307049:416535:417215,1118,SCHEDULED,-40
593,2026-03-11 03:40:00,1,307049:416535:417215,1119,SCHEDULED,-40
594,2026-03-11 03:40:00,1,307049:416535:417215,1120,SKIPPED,-26
595,2026-03-11 03:40:00,1,307049:416535:417215,1121,SCHEDULED,-128
596,2026-03-11 03:40:00,3M,307308:414491:417245,ALL_STOPS,CANCELED,0
597,2026-03-11 03:42:46,3M,307303:416016:417245,ALL_STOPS,CANCELED,0
598,2026-03-11 03:42:46,1,307010:414492:417199,1011,SCHEDULED,91
599,2026-03-11 03:42:46,1,307010:414492:417199,1012,SCHEDULED,91
600,2026-03-11 03:42:46,1,307010:414492:417199,1013,SCHEDULED,91
601,2026-03-11 03:42:46,1,307010:414492:417199,1014,SCHEDULED,91
602,2026-03-11 03:42:46,1,307010:414492:417199,1015,SCHEDULED,91
603,2026-03-11 03:42:46,1,307010:414492:417199,1831,SCHEDULED,91
604,2026-03-11 03:42:46,1,307010:414492:417199,1828,SCHEDULED,91
605,2026-03-11 03:42:46,1,307010:414492:417199,1019,SCHEDULED,91
606,2026-03-11 03:42:46,1,307050:415733:417187,1121,SCHEDULED,0
607,2026-03-11 03:42:46,1,307050:415733:417187,1189,SCHEDULED,37
608,2026-03-11 03:42:46,1,307050:415733:417187,1190,SCHEDULED,62
609,2026-03-11 03:42:46,1,307050:415733:417187,1191,SCHEDULED,62
610,2026-03-11 03:42:46,1,307050:415733:417187,1192,SCHEDULED,62
611,2026-03-11 03:42:46,1,307050:415733:417187,1193,SCHEDULED,62
612,2026-03-11 03:42:46,1,307050:415733:417187,1194,SCHEDULED,62
613,2026-03-11 03:42:46,1,307050:415733:417187,1195,SCHEDULED,62
614,2026-03-11 03:42:46,1,307050:415733:417187,1196,SCHEDULED,62
615,2026-03-11 03:42:46,1,307050:415733:417187,1197,SCHEDULED,62
616,2026-03-11 03:42:46,1,307050:415733:417187,1198,SCHEDULED,62
617,2026-03-11 03:42:46,1,307050:415733:417187,1200,SCHEDULED,62
618,2026-03-11 03:42:46,1,307050:415733:417187,1201,SCHEDULED,62
619,2026-03-11 03:42:46,1,307050:415733:417187,1000,SCHEDULED,62
620,2026-03-11 03:42:46,1,307050:415733:417187,1002,SCHEDULED,62
621,2026-03-11 03:42:46,1,307050:415733:417187,1003,SCHEDULED,62
622,2026-03-11 03:42:46,1,307050:415733:417187,1004,SCHEDULED,62
623,2026-03-11 03:42:46,1,307050:415733:417187,1005,SCHEDULED,62
624,2026-03-11 03:42:46,1,307050:415733:417187,1007,SCHEDULED,62
625,2026-03-11 03:42:46,1,307050:415733:417187,1008,SCHEDULED,62
626,2026-03-11 03:42:46,1,307050:415733:417187,1009,SCHEDULED,62
627,2026-03-11 03:42:46,1,307050:415733:417187,1010,SCHEDULED,62
628,2026-03-11 03:42:46,1,307050:415733:417187,1011,SCHEDULED,62
629,2026-03-11 03:42:46,1,307050:415733:417187,1012,SCHEDULED,62
630,2026-03-11 03:42:46,1,307050:415733:417187,1013,SCHEDULED,62
631,2026-03-11 03:42:46,1,307050:415733:417187,1014,SCHEDULED,62
632,2026-03-11 03:42:46,1,307050:415733:417187,1015,SCHEDULED,62
633,2026-03-11 03:42:46,1,307050:415733:417187,1831,SCHEDULED,62
634,2026-03-11 03:42:46,1,307050:415733:417187,1828,SCHEDULED,62
635,2026-03-11 03:42:46,1,307050:415733:417187,1019,SCHEDULED,62
636,2026-03-11 03:42:46,17,306508:416991:417187,1150,SCHEDULED,0
637,2026-03-11 03:42:46,17,306508:416991:417187,1152,SCHEDULED,0
638,2026-03-11 03:42:46,17,306508:416991:417187,1153,SCHEDULED,0
639,2026-03-11 03:42:46,17,306508:416991:417187,1154,SCHEDULED,0
640,2026-03-11 03:42:46,17,306508:416991:417187,1155,SCHEDULED,0
641,2026-03-11 03:42:46,17,306508:416991:417187,1157,SCHEDULED,0
642,2026-03-11 03:42:46,17,306508:416991:417187,1158,SCHEDULED,0
643,2026-03-11 03:42:46,17,306508:416991:417187,1159,SCHEDULED,0
644,2026-03-11 03:42:46,17,306508:416991:417187,1160,SCHEDULED,0
645,2026-03-11 03:42:46,17,306508:416991:417187,1161,SCHEDULED,0
646,2026-03-11 03:42:46,17,306508:416991:417187,1162,SCHEDULED,0
647,2026-03-11 03:42:46,17,306508:416991:417187,1163,SCHEDULED,0
648,2026-03-11 03:42:46,17,306508:416991:417187,1165,SCHEDULED,0
649,2026-03-11 03:42:46,17,306508:416991:417187,1166,SCHEDULED,0
650,2026-03-11 03:42:46,17,306508:416991:417187,1167,SCHEDULED,0
651,2026-03-11 03:42:46,17,306508:416991:417187,1168,SCHEDULED,0
652,2026-03-11 03:42:46,17,306508:416991:417187,1169,SCHEDULED,0
653,2026-03-11 03:42:46,17,306508:416991:417187,1170,SCHEDULED,0
654,2026-03-11 03:42:46,17,306508:416991:417187,1171,SCHEDULED,0
655,2026-03-11 03:42:46,17,306508:416991:417187,1172,SCHEDULED,0
656,2026-03-11 03:42:46,17,306508:416991:417187,1173,SCHEDULED,0
657,2026-03-11 03:42:46,17,306508:416991:417187,1174,SCHEDULED,0
658,2026-03-11 03:42:46,17,306508:416991:417187,1863,SCHEDULED,0
659,2026-03-11 03:42:46,17,306508:416991:417187,1128,SCHEDULED,0
660,2026-03-11 03:42:46,17,306508:416991:417187,1130,SCHEDULED,0
661,2026-03-11 03:42:46,17,306508:416991:417187,1131,SCHEDULED,0
662,2026-03-11 03:42:46,17,306508:416991:417187,1132,SCHEDULED,0
663,2026-03-11 03:42:46,17,306508:416991:417187,1133,SCHEDULED,0
664,2026-03-11 03:42:46,17,306508:416991:417187,1345,SCHEDULED,0
665,2026-03-11 03:42:46,17,306508:416991:417187,1180,SCHEDULED,0
666,2026-03-11 03:42:46,17,306508:416991:417187,1181,SCHEDULED,0
667,2026-03-11 03:42:46,17,306508:416991:417187,1182,SCHEDULED,0
668,2026-03-11 03:42:46,17,306508:416991:417187,1183,SCHEDULED,0
669,2026-03-11 03:42:46,17,306508:416991:417187,1184,SCHEDULED,0
670,2026-03-11 03:42:46,17,306508:416991:417187,1185,SCHEDULED,0
671,2026-03-11 03:42:46,17,306508:416991:417187,1186,SCHEDULED,0
672,2026-03-11 03:42:46,17,306508:416991:417187,1187,SCHEDULED,0
673,2026-03-11 03:42:46,17,306508:416991:417187,1121,SCHEDULED,0
674,2026-03-11 03:42:46,17,306507:414417:417187,1150,SCHEDULED,-92
675,2026-03-11 03:42:46,2,307433:416032:417237,1231,SCHEDULED,0
676,2026-03-11 03:42:46,2,307433:416032:417237,1288,SCHEDULED,0
677,2026-03-11 03:42:46,2,307433:416032:417237,1823,SCHEDULED,0
678,2026-03-11 03:42:46,2,307433:416032:417237,1824,SCHEDULED,0
679,2026-03-11 03:42:46,2,307433:416032:417237,1290,SCHEDULED,0
680,2026-03-11 03:42:46,2,307433:416032:417237,1291,SCHEDULED,0
681,2026-03-11 03:42:46,2,307433:416032:417237,1833,SCHEDULED,0
682,2026-03-11 03:42:46,2,307433:416032:417237,1292,SCHEDULED,0
683,2026-03-11 03:42:46,2,307433:416032:417237,1293,SCHEDULED,0
684,2026-03-11 03:42:46,2,307433:416032:417237,1222,SCHEDULED,-109
685,2026-03-11 03:42:46,2,307433:416032:417237,1223,SCHEDULED,27
686,2026-03-11 03:42:46,2,307433:416032:417237,1294,SCHEDULED,27
687,2026-03-11 03:42:46,2,307433:416032:417237,1457,SCHEDULED,27
688,2026-03-11 03:42:46,2,307433:416032:417237,1458,SCHEDULED,27
689,2026-03-11 03:42:46,2,307433:416032:417237,1459,SCHEDULED,-7
690,2026-03-11 03:42:46,2,307433:416032:417237,1304,SCHEDULED,-29
691,2026-03-11 03:42:46,2,307433:416032:417237,1305,SCHEDULED,-14
692,2026-03-11 03:42:46,2,307433:416032:417237,1846,SCHEDULED,-14
693,2026-03-11 03:42:46,2,307433:416032:417237,1115,SCHEDULED,-14
694,2026-03-11 03:42:46,2,307433:416032:417237,1116,SCHEDULED,36
695,2026-03-11 03:42:46,2,307433:416032:417237,1844,SCHEDULED,36
696,2026-03-11 03:42:46,2,307433:416032:417237,1119,SCHEDULED,36
697,2026-03-11 03:42:46,2,307433:416032:417237,1120,SKIPPED,36
698,2026-03-11 03:42:46,2,307433:416032:417237,1121,SCHEDULED,-67
699,2026-03-11 03:42:46,3M,307306:415764:417245,ALL_STOPS,CANCELED,0
700,2026-03-11 03:42:46,9,307116:415189:417170,1222,SCHEDULED,0
701,2026-03-11 03:42:46,9,307116:415189:417170,1223,SCHEDULED,122
702,2026-03-11 03:42:46,9,307116:415189:417170,1224,SCHEDULED,122
703,2026-03-11 03:42:46,9,307116:415189:417170,1225,SCHEDULED,122
704,2026-03-11 03:42:46,9,307116:415189:417170,1775,SCHEDULED,122
705,2026-03-11 03:42:46,9,307116:415189:417170,1776,SCHEDULED,122
706,2026-03-11 03:42:46,9,307116:415189:417170,1777,SCHEDULED,122
707,2026-03-11 03:42:46,9,307116:415189:417170,1778,SCHEDULED,122
708,2026-03-11 03:42:46,9,307116:415189:417170,1852,SCHEDULED,122
709,2026-03-11 03:42:46,9,307116:415189:417170,1779,SCHEDULED,122
710,2026-03-11 03:42:46,9,307116:415189:417170,1780,SCHEDULED,122
711,2026-03-11 03:42:46,9,307116:415189:417170,1781,SCHEDULED,122
712,2026-03-11 03:42:46,9,307116:415189:417170,1782,SCHEDULED,122
713,2026-03-11 03:42:46,9,307116:415189:417170,1783,SCHEDULED,122
714,2026-03-11 03:42:46,9,307116:415189:417170,1784,SCHEDULED,122
715,2026-03-11 03:42:46,9,307116:415189:417170,1785,SCHEDULED,122
716,2026-03-11 03:42:46,9,307116:415189:417170,1786,SCHEDULED,122
717,2026-03-11 03:42:46,9,307116:415189:417170,1787,SCHEDULED,122
718,2026-03-11 03:42:46,9,307116:415189:417170,1788,SCHEDULED,122
719,2026-03-11 03:42:46,9,307116:415189:417170,1789,SCHEDULED,122
720,2026-03-11 03:42:46,9,307116:415189:417170,1791,SCHEDULED,122
721,2026-03-11 03:42:46,9,307116:415189:417170,1352,SCHEDULED,122
722,2026-03-11 03:42:46,9,307116:415189:417170,1353,SCHEDULED,122
723,2026-03-11 03:42:46,9,307116:415189:417170,1354,SCHEDULED,122
724,2026-03-11 03:42:46,9,307116:415189:417170,1818,SCHEDULED,122
725,2026-03-11 03:42:46,9,307116:415189:417170,1121,SCHEDULED,122
726,2026-03-11 03:42:46,9,307114:415697:417218,1478,SCHEDULED,92
727,2026-03-11 03:42:46,9,307114:415697:417218,1480,SCHEDULED,92
728,2026-03-11 03:42:46,9,307114:415697:417218,1481,SCHEDULED,92
729,2026-03-11 03:42:46,9,307114:415697:417218,1482,SCHEDULED,92
730,2026-03-11 03:42:46,9,307114:415697:417218,1292,SCHEDULED,92
731,2026-03-11 03:42:46,9,307114:415697:417218,1293,SCHEDULED,92
732,2026-03-11 03:42:46,9,307114:415697:417218,1222,SCHEDULED,43
733,2026-03-11 03:42:46,3M,307305:417005:417245,ALL_STOPS,CANCELED,0
734,2026-03-11 03:42:46,15,307505:415928:417170,1220,SCHEDULED,104
735,2026-03-11 03:42:46,15,307505:415928:417170,1222,SCHEDULED,104
736,2026-03-11 03:42:46,14,306689:415936:417244,1531,SCHEDULED,-23
737,2026-03-11 03:42:46,14,306689:415936:417244,1533,SCHEDULED,0
738,2026-03-11 03:42:46,14,306689:415936:417244,1535,SCHEDULED,0
739,2026-03-11 03:42:46,14,306689:415936:417244,1536,SCHEDULED,0
740,2026-03-11 03:42:46,14,306689:415936:417244,1537,SCHEDULED,0
741,2026-03-11 03:42:46,14,306689:415936:417244,1091,SCHEDULED,0
742,2026-03-11 03:42:46,14,306689:415936:417244,1019,SCHEDULED,0
743,2026-03-11 03:42:46,18,306444:414007:417199,1054,SCHEDULED,0
744,2026-03-11 03:42:46,18,306444:414007:417199,1055,SCHEDULED,0
745,2026-03-11 03:42:46,18,306444:414007:417199,1056,SCHEDULED,0
746,2026-03-11 03:42:46,18,306444:414007:417199,1057,SCHEDULED,0
747,2026-03-11 03:42:46,18,306444:414007:417199,1058,SCHEDULED,0
748,2026-03-11 03:42:46,18,306444:414007:417199,1059,SCHEDULED,0
749,2026-03-11 03:42:46,18,306444:414007:417199,1060,SCHEDULED,0
750,2026-03-11 03:42:46,18,306444:414007:417199,1061,SCHEDULED,0
751,2026-03-11 03:42:46,18,306444:414007:417199,1062,SCHEDULED,0
752,2026-03-11 03:42:46,18,306444:414007:417199,1063,SCHEDULED,0
753,2026-03-11 03:42:46,18,306444:414007:417199,1065,SCHEDULED,0
754,2026-03-11 03:42:46,18,306444:414007:417199,1066,SCHEDULED,0
755,2026-03-11 03:42:46,18,306444:414007:417199,1067,SCHEDULED,0
756,2026-03-11 03:42:46,18,306444:414007:417199,1068,SCHEDULED,0
757,2026-03-11 03:42:46,18,306444:414007:417199,1069,SCHEDULED,0
758,2026-03-11 03:42:46,18,306444:414007:417199,1070,SCHEDULED,0
759,2026-03-11 03:42:46,18,306444:414007:417199,1071,SCHEDULED,0
760,2026-03-11 03:42:46,18,306444:414007:417199,1073,SCHEDULED,0
761,2026-03-11 03:42:46,18,306444:414007:417199,1074,SCHEDULED,0
762,2026-03-11 03:42:46,18,306444:414007:417199,1075,SCHEDULED,0
763,2026-03-11 03:42:46,18,306444:414007:417199,1076,SCHEDULED,0
764,2026-03-11 03:42:46,18,306444:414007:417199,1077,SCHEDULED,0
765,2026-03-11 03:42:46,18,306444:414007:417199,1079,SCHEDULED,0
766,2026-03-11 03:42:46,18,306444:414007:417199,1080,SCHEDULED,0
767,2026-03-11 03:42:46,18,306444:414007:417199,1081,SCHEDULED,0
768,2026-03-11 03:42:46,18,306444:414007:417199,1083,SCHEDULED,0
769,2026-03-11 03:42:46,18,306444:414007:417199,1084,SCHEDULED,0
770,2026-03-11 03:42:46,18,306444:414007:417199,1085,SCHEDULED,0
771,2026-03-11 03:42:46,18,306444:414007:417199,1086,SCHEDULED,0
772,2026-03-11 03:42:46,18,306444:414007:417199,1087,SCHEDULED,0
773,2026-03-11 03:42:46,18,306444:414007:417199,1843,SCHEDULED,0
774,2026-03-11 03:42:46,18,306444:414007:417199,1577,SCHEDULED,0
775,2026-03-11 03:42:46,18,306444:414007:417199,1019,SCHEDULED,0
776,2026-03-11 03:42:46,2,307435:415012:417217,1231,SCHEDULED,0
777,2026-03-11 03:42:46,2,307435:415012:417217,1288,SCHEDULED,27
778,2026-03-11 03:42:46,2,307435:415012:417217,1823,SCHEDULED,27
779,2026-03-11 03:42:46,2,307435:415012:417217,1824,SCHEDULED,27
780,2026-03-11 03:42:46,2,307435:415012:417217,1290,SCHEDULED,27
781,2026-03-11 03:42:46,2,307435:415012:417217,1291,SCHEDULED,27
782,2026-03-11 03:42:46,2,307435:415012:417217,1833,SCHEDULED,27
783,2026-03-11 03:42:46,2,307435:415012:417217,1292,SCHEDULED,27
784,2026-03-11 03:42:46,2,307435:415012:417217,1293,SCHEDULED,27
785,2026-03-11 03:42:46,2,307435:415012:417217,1222,SCHEDULED,-82
786,2026-03-11 03:42:46,2,307435:415012:417217,1223,SCHEDULED,27
787,2026-03-11 03:42:46,2,307435:415012:417217,1294,SCHEDULED,27
788,2026-03-11 03:42:46,2,307435:415012:417217,1457,SCHEDULED,27
789,2026-03-11 03:42:46,2,307435:415012:417217,1458,SCHEDULED,27
790,2026-03-11 03:42:46,2,307435:415012:417217,1459,SCHEDULED,-7
791,2026-03-11 03:42:46,2,307435:415012:417217,1304,SCHEDULED,-29
792,2026-03-11 03:42:46,2,307435:415012:417217,1305,SCHEDULED,-14
793,2026-03-11 03:42:46,2,307435:415012:417217,1846,SCHEDULED,-14
794,2026-03-11 03:42:46,2,307435:415012:417217,1115,SCHEDULED,-14
795,2026-03-11 03:42:46,2,307435:415012:417217,1116,SCHEDULED,36
796,2026-03-11 03:42:46,2,307435:415012:417217,1844,SCHEDULED,36
797,2026-03-11 03:42:46,2,307435:415012:417217,1119,SCHEDULED,36
798,2026-03-11 03:42:46,2,307435:415012:417217,1120,SKIPPED,36
799,2026-03-11 03:42:46,2,307435:415012:417217,1121,SCHEDULED,-67
800,2026-03-11 03:42:46,18,306443:415692:417199,1019,SCHEDULED,0
801,2026-03-11 03:42:46,18,306443:415692:417199,1021,SCHEDULED,0
802,2026-03-11 03:42:46,18,306443:415692:417199,1842,SCHEDULED,0
803,2026-03-11 03:42:46,18,306443:415692:417199,1026,SCHEDULED,0
804,2026-03-11 03:42:46,18,306443:415692:417199,1027,SCHEDULED,0
805,2026-03-11 03:42:46,18,306443:415692:417199,1028,SCHEDULED,0
806,2026-03-11 03:42:46,18,306443:415692:417199,1029,SCHEDULED,0
807,2026-03-11 03:42:46,18,306443:415692:417199,1030,SCHEDULED,0
808,2026-03-11 03:42:46,18,306443:415692:417199,1031,SCHEDULED,0
809,2026-03-11 03:42:46,18,306443:415692:417199,1034,SCHEDULED,0
810,2026-03-11 03:42:46,18,306443:415692:417199,1035,SCHEDULED,0
811,2026-03-11 03:42:46,18,306443:415692:417199,1036,SCHEDULED,0
812,2026-03-11 03:42:46,18,306443:415692:417199,1037,SCHEDULED,0
813,2026-03-11 03:42:46,18,306443:415692:417199,1038,SCHEDULED,0
814,2026-03-11 03:42:46,18,306443:415692:417199,1039,SCHEDULED,0
815,2026-03-11 03:42:46,18,306443:415692:417199,1040,SCHEDULED,0
816,2026-03-11 03:42:46,18,306443:415692:417199,1041,SCHEDULED,0
817,2026-03-11 03:42:46,18,306443:415692:417199,1042,SCHEDULED,0
818,2026-03-11 03:42:46,18,306443:415692:417199,1043,SCHEDULED,0
819,2026-03-11 03:42:46,18,306443:415692:417199,1044,SCHEDULED,0
820,2026-03-11 03:42:46,18,306443:415692:417199,1045,SCHEDULED,0
821,2026-03-11 03:42:46,18,306443:415692:417199,1046,SCHEDULED,0
822,2026-03-11 03:42:46,18,306443:415692:417199,1047,SCHEDULED,0
823,2026-03-11 03:42:46,18,306443:415692:417199,1048,SCHEDULED,0
824,2026-03-11 03:42:46,18,306443:415692:417199,1049,SCHEDULED,0
825,2026-03-11 03:42:46,18,306443:415692:417199,1050,SCHEDULED,0
826,2026-03-11 03:42:46,18,306443:415692:417199,1051,SCHEDULED,0
827,2026-03-11 03:42:46,18,306443:415692:417199,1052,SCHEDULED,0
828,2026-03-11 03:42:46,18,306443:415692:417199,1053,SCHEDULED,0
829,2026-03-11 03:42:46,18,306443:415692:417199,1054,SCHEDULED,0
830,2026-03-11 03:42:46,2,307434:415266:417217,1222,SCHEDULED,-180
831,2026-03-11 03:42:46,2,307434:415266:417217,1223,SCHEDULED,27
832,2026-03-11 03:42:46,2,307434:415266:417217,1224,SCHEDULED,27
833,2026-03-11 03:42:46,2,307434:415266:417217,1867,SCHEDULED,27
834,2026-03-11 03:42:46,2,307434:415266:417217,1226,SCHEDULED,27
835,2026-03-11 03:42:46,2,307434:415266:417217,1227,SCHEDULED,27
836,2026-03-11 03:42:46,2,307434:415266:417217,1228,SCHEDULED,27
837,2026-03-11 03:42:46,2,307434:415266:417217,1229,SCHEDULED,27
838,2026-03-11 03:42:46,2,307434:415266:417217,1230,SCHEDULED,27
839,2026-03-11 03:42:46,2,307434:415266:417217,1231,SCHEDULED,27
840,2026-03-11 03:42:46,1,307049:416535:417215,1019,SCHEDULED,0
841,2026-03-11 03:42:46,1,307049:416535:417215,1829,SCHEDULED,0
842,2026-03-11 03:42:46,1,307049:416535:417215,1093,SCHEDULED,0
843,2026-03-11 03:42:46,1,307049:416535:417215,1094,SCHEDULED,0
844,2026-03-11 03:42:46,1,307049:416535:417215,1095,SCHEDULED,0
845,2026-03-11 03:42:46,1,307049:416535:417215,1096,SCHEDULED,0
846,2026-03-11 03:42:46,1,307049:416535:417215,1097,SCHEDULED,0
847,2026-03-11 03:42:46,1,307049:416535:417215,1098,SCHEDULED,0
848,2026-03-11 03:42:46,1,307049:416535:417215,1099,SCHEDULED,0
849,2026-03-11 03:42:46,1,307049:416535:417215,1100,SCHEDULED,0
850,2026-03-11 03:42:46,1,307049:416535:417215,1101,SCHEDULED,0
851,2026-03-11 03:42:46,1,307049:416535:417215,1102,SCHEDULED,0
852,2026-03-11 03:42:46,1,307049:416535:417215,1104,SCHEDULED,0
853,2026-03-11 03:42:46,1,307049:416535:417215,1105,SCHEDULED,0
854,2026-03-11 03:42:46,1,307049:416535:417215,1106,SCHEDULED,0
855,2026-03-11 03:42:46,1,307049:416535:417215,1108,SCHEDULED,0
856,2026-03-11 03:42:46,1,307049:416535:417215,1112,SCHEDULED,0
857,2026-03-11 03:42:46,1,307049:416535:417215,1113,SCHEDULED,0
858,2026-03-11 03:42:46,1,307049:416535:417215,1114,SCHEDULED,0
859,2026-03-11 03:42:46,1,307049:416535:417215,1115,SCHEDULED,0
860,2026-03-11 03:42:46,1,307049:416535:417215,1116,SCHEDULED,-40
861,2026-03-11 03:42:46,1,307049:416535:417215,1117,SCHEDULED,-40
862,2026-03-11 03:42:46,1,307049:416535:417215,1118,SCHEDULED,-40
863,2026-03-11 03:42:46,1,307049:416535:417215,1119,SCHEDULED,-40
864,2026-03-11 03:42:46,1,307049:416535:417215,1120,SKIPPED,-40
865,2026-03-11 03:42:46,1,307049:416535:417215,1121,SCHEDULED,-143
866,2026-03-11 03:42:46,3M,307308:414491:417245,ALL_STOPS,CANCELED,0
867,2026-03-11 03:42:46,3M,307303:416016:417245,ALL_STOPS,CANCELED,0
868,2026-03-11 03:42:46,1,307010:414492:417199,1011,SCHEDULED,91
869,2026-03-11 03:42:46,1,307010:414492:417199,1012,SCHEDULED,91
870,2026-03-11 03:42:46,1,307010:414492:417199,1013,SCHEDULED,91
871,2026-03-11 03:42:46,1,307010:414492:417199,1014,SCHEDULED,91
872,2026-03-11 03:42:46,1,307010:414492:417199,1015,SCHEDULED,91
873,2026-03-11 03:42:46,1,307010:414492:417199,1831,SCHEDULED,91
874,2026-03-11 03:42:46,1,307010:414492:417199,1828,SCHEDULED,91
875,2026-03-11 03:42:46,1,307010:414492:417199,1019,SCHEDULED,91
876,2026-03-11 03:42:46,1,307050:415733:417187,1121,SCHEDULED,0
877,2026-03-11 03:42:46,1,307050:415733:417187,1189,SCHEDULED,37
878,2026-03-11 03:42:46,1,307050:415733:417187,1190,SCHEDULED,62
879,2026-03-11 03:42:46,1,307050:415733:417187,1191,SCHEDULED,62
880,2026-03-11 03:42:46,1,307050:415733:417187,1192,SCHEDULED,62
881,2026-03-11 03:42:46,1,307050:415733:417187,1193,SCHEDULED,62
882,2026-03-11 03:42:46,1,307050:415733:417187,1194,SCHEDULED,62
883,2026-03-11 03:42:46,1,307050:415733:417187,1195,SCHEDULED,62
884,2026-03-11 03:42:46,1,307050:415733:417187,1196,SCHEDULED,62
885,2026-03-11 03:42:46,1,307050:415733:417187,1197,SCHEDULED,62
886,2026-03-11 03:42:46,1,307050:415733:417187,1198,SCHEDULED,62
887,2026-03-11 03:42:46,1,307050:415733:417187,1200,SCHEDULED,62
888,2026-03-11 03:42:46,1,307050:415733:417187,1201,SCHEDULED,62
889,2026-03-11 03:42:46,1,307050:415733:417187,1000,SCHEDULED,62
890,2026-03-11 03:42:46,1,307050:415733:417187,1002,SCHEDULED,62
891,2026-03-11 03:42:46,1,307050:415733:417187,1003,SCHEDULED,62
892,2026-03-11 03:42:46,1,307050:415733:417187,1004,SCHEDULED,62
893,2026-03-11 03:42:46,1,307050:415733:417187,1005,SCHEDULED,62
894,2026-03-11 03:42:46,1,307050:415733:417187,1007,SCHEDULED,62
895,2026-03-11 03:42:46,1,307050:415733:417187,1008,SCHEDULED,62
896,2026-03-11 03:42:46,1,307050:415733:417187,1009,SCHEDULED,62
897,2026-03-11 03:42:46,1,307050:415733:417187,1010,SCHEDULED,62
898,2026-03-11 03:42:46,1,307050:415733:417187,1011,SCHEDULED,62
899,2026-03-11 03:42:46,1,307050:415733:417187,1012,SCHEDULED,62
900,2026-03-11 03:42:46,1,307050:415733:417187,1013,SCHEDULED,62
901,2026-03-11 03:42:46,1,307050:415733:417187,1014,SCHEDULED,62
902,2026-03-11 03:42:46,1,307050:415733:417187,1015,SCHEDULED,62
903,2026-03-11 03:42:46,1,307050:415733:417187,1831,SCHEDULED,62
904,2026-03-11 03:42:46,1,307050:415733:417187,1828,SCHEDULED,62
905,2026-03-11 03:42:46,1,307050:415733:417187,1019,SCHEDULED,62
906,2026-03-11 03:42:46,17,306508:416991:417187,1150,SCHEDULED,0
907,2026-03-11 03:42:46,17,306508:416991:417187,1152,SCHEDULED,0
908,2026-03-11 03:42:46,17,306508:416991:417187,1153,SCHEDULED,0
909,2026-03-11 03:42:46,17,306508:416991:417187,1154,SCHEDULED,0
910,2026-03-11 03:42:46,17,306508:416991:417187,1155,SCHEDULED,0
911,2026-03-11 03:42:46,17,306508:416991:417187,1157,SCHEDULED,0
912,2026-03-11 03:42:46,17,306508:416991:417187,1158,SCHEDULED,0
913,2026-03-11 03:42:46,17,306508:416991:417187,1159,SCHEDULED,0
914,2026-03-11 03:42:46,17,306508:416991:417187,1160,SCHEDULED,0
915,2026-03-11 03:42:46,17,306508:416991:417187,1161,SCHEDULED,0
916,2026-03-11 03:42:46,17,306508:416991:417187,1162,SCHEDULED,0
917,2026-03-11 03:42:46,17,306508:416991:417187,1163,SCHEDULED,0
918,2026-03-11 03:42:46,17,306508:416991:417187,1165,SCHEDULED,0
919,2026-03-11 03:42:46,17,306508:416991:417187,1166,SCHEDULED,0
920,2026-03-11 03:42:46,17,306508:416991:417187,1167,SCHEDULED,0
921,2026-03-11 03:42:46,17,306508:416991:417187,1168,SCHEDULED,0
922,2026-03-11 03:42:46,17,306508:416991:417187,1169,SCHEDULED,0
923,2026-03-11 03:42:46,17,306508:416991:417187,1170,SCHEDULED,0
924,2026-03-11 03:42:46,17,306508:416991:417187,1171,SCHEDULED,0
925,2026-03-11 03:42:46,17,306508:416991:417187,1172,SCHEDULED,0
926,2026-03-11 03:42:46,17,306508:416991:417187,1173,SCHEDULED,0
927,2026-03-11 03:42:46,17,306508:416991:417187,1174,SCHEDULED,0
928,2026-03-11 03:42:46,17,306508:416991:417187,1863,SCHEDULED,0
929,2026-03-11 03:42:46,17,306508:416991:417187,1128,SCHEDULED,0
930,2026-03-11 03:42:46,17,306508:416991:417187,1130,SCHEDULED,0
931,2026-03-11 03:42:46,17,306508:416991:417187,1131,SCHEDULED,0
932,2026-03-11 03:42:46,17,306508:416991:417187,1132,SCHEDULED,0
933,2026-03-11 03:42:46,17,306508:416991:417187,1133,SCHEDULED,0
934,2026-03-11 03:42:46,17,306508:416991:417187,1345,SCHEDULED,0
935,2026-03-11 03:42:46,17,306508:416991:417187,1180,SCHEDULED,0
936,2026-03-11 03:42:46,17,306508:416991:417187,1181,SCHEDULED,0
937,2026-03-11 03:42:46,17,306508:416991:417187,1182,SCHEDULED,0
938,2026-03-11 03:42:46,17,306508:416991:417187,1183,SCHEDULED,0
939,2026-03-11 03:42:46,17,306508:416991:417187,1184,SCHEDULED,0
940,2026-03-11 03:42:46,17,306508:416991:417187,1185,SCHEDULED,0
941,2026-03-11 03:42:46,17,306508:416991:417187,1186,SCHEDULED,0
942,2026-03-11 03:42:46,17,306508:416991:417187,1187,SCHEDULED,0
943,2026-03-11 03:42:46,17,306508:416991:417187,1121,SCHEDULED,0
944,2026-03-11 03:42:46,17,306507:414417:417187,1150,SCHEDULED,-92
945,2026-03-11 03:42:46,2,307433:416032:417237,1231,SCHEDULED,0
946,2026-03-11 03:42:46,2,307433:416032:417237,1288,SCHEDULED,0
947,2026-03-11 03:42:46,2,307433:416032:417237,1823,SCHEDULED,0
948,2026-03-11 03:42:46,2,307433:416032:417237,1824,SCHEDULED,0
949,2026-03-11 03:42:46,2,307433:416032:417237,1290,SCHEDULED,0
950,2026-03-11 03:42:46,2,307433:416032:417237,1291,SCHEDULED,0
951,2026-03-11 03:42:46,2,307433:416032:417237,1833,SCHEDULED,0
952,2026-03-11 03:42:46,2,307433:416032:417237,1292,SCHEDULED,0
953,2026-03-11 03:42:46,2,307433:416032:417237,1293,SCHEDULED,0
954,2026-03-11 03:42:46,2,307433:416032:417237,1222,SCHEDULED,-109
955,2026-03-11 03:42:46,2,307433:416032:417237,1223,SCHEDULED,27
956,2026-03-11 03:42:46,2,307433:416032:417237,1294,SCHEDULED,27
957,2026-03-11 03:42:46,2,307433:416032:417237,1457,SCHEDULED,27
958,2026-03-11 03:42:46,2,307433:416032:417237,1458,SCHEDULED,27
959,2026-03-11 03:42:46,2,307433:416032:417237,1459,SCHEDULED,-7
960,2026-03-11 03:42:46,2,307433:416032:417237,1304,SCHEDULED,-29
961,2026-03-11 03:42:46,2,307433:416032:417237,1305,SCHEDULED,-14
962,2026-03-11 03:42:46,2,307433:416032:417237,1846,SCHEDULED,-14
963,2026-03-11 03:42:46,2,307433:416032:417237,1115,SCHEDULED,-14
964,2026-03-11 03:42:46,2,307433:416032:417237,1116,SCHEDULED,36
965,2026-03-11 03:42:46,2,307433:416032:417237,1844,SCHEDULED,36
966,2026-03-11 03:42:46,2,307433:416032:417237,1119,SCHEDULED,36
967,2026-03-11 03:42:46,2,307433:416032:417237,1120,SKIPPED,36
968,2026-03-11 03:42:46,2,307433:416032:417237,1121,SCHEDULED,-67
969,2026-03-11 03:42:46,3M,307306:415764:417245,ALL_STOPS,CANCELED,0
970,2026-03-11 03:42:46,9,307116:415189:417170,1222,SCHEDULED,0
971,2026-03-11 03:42:46,9,307116:415189:417170,1223,SCHEDULED,122
972,2026-03-11 03:42:46,9,307116:415189:417170,1224,SCHEDULED,122
973,2026-03-11 03:42:46,9,307116:415189:417170,1225,SCHEDULED,122
974,2026-03-11 03:42:46,9,307116:415189:417170,1775,SCHEDULED,122
975,2026-03-11 03:42:46,9,307116:415189:417170,1776,SCHEDULED,122
976,2026-03-11 03:42:46,9,307116:415189:417170,1777,SCHEDULED,122
977,2026-03-11 03:42:46,9,307116:415189:417170,1778,SCHEDULED,122
978,2026-03-11 03:42:46,9,307116:415189:417170,1852,SCHEDULED,122
979,2026-03-11 03:42:46,9,307116:415189:417170,1779,SCHEDULED,122
980,2026-03-11 03:42:46,9,307116:415189:417170,1780,SCHEDULED,122
981,2026-03-11 03:42:46,9,307116:415189:417170,1781,SCHEDULED,122
982,2026-03-11 03:42:46,9,307116:415189:417170,1782,SCHEDULED,122
983,2026-03-11 03:42:46,9,307116:415189:417170,1783,SCHEDULED,122
984,2026-03-11 03:42:46,9,307116:415189:417170,1784,SCHEDULED,122
985,2026-03-11 03:42:46,9,307116:415189:417170,1785,SCHEDULED,122
986,2026-03-11 03:42:46,9,307116:415189:417170,1786,SCHEDULED,122
987,2026-03-11 03:42:46,9,307116:415189:417170,1787,SCHEDULED,122
988,2026-03-11 03:42:46,9,307116:415189:417170,1788,SCHEDULED,122
989,2026-03-11 03:42:46,9,307116:415189:417170,1789,SCHEDULED,122
990,2026-03-11 03:42:46,9,307116:415189:417170,1791,SCHEDULED,122
991,2026-03-11 03:42:46,9,307116:415189:417170,1352,SCHEDULED,122
992,2026-03-11 03:42:46,9,307116:415189:417170,1353,SCHEDULED,122
993,2026-03-11 03:42:46,9,307116:415189:417170,1354,SCHEDULED,122
994,2026-03-11 03:42:46,9,307116:415189:417170,1818,SCHEDULED,122
995,2026-03-11 03:42:46,9,307116:415189:417170,1121,SCHEDULED,122
996,2026-03-11 03:42:46,9,307114:415697:417218,1478,SCHEDULED,92
997,2026-03-11 03:42:46,9,307114:415697:417218,1480,SCHEDULED,92
998,2026-03-11 03:42:46,9,307114:415697:417218,1481,SCHEDULED,92
999,2026-03-11 03:42:46,9,307114:415697:417218,1482,SCHEDULED,92
1000,2026-03-11 03:42:46,9,307114:415697:417218,1292,SCHEDULED,92
1001,2026-03-11 03:42:46,9,307114:415697:417218,1293,SCHEDULED,92
1002,2026-03-11 03:42:46,9,307114:415697:417218,1222,SCHEDULED,43
1003,2026-03-11 03:42:46,3M,307305:417005:417245,ALL_STOPS,CANCELED,0
1004,2026-03-11 03:42:46,15,307505:415928:417170,1220,SCHEDULED,104
1005,2026-03-11 03:42:46,15,307505:415928:417170,1222,SCHEDULED,104
1006,2026-03-11 03:42:46,14,306689:415936:417244,1531,SCHEDULED,-23
1007,2026-03-11 03:42:46,14,306689:415936:417244,1533,SCHEDULED,0
1008,2026-03-11 03:42:46,14,306689:415936:417244,1535,SCHEDULED,0
1009,2026-03-11 03:42:46,14,306689:415936:417244,1536,SCHEDULED,0
1010,2026-03-11 03:42:46,14,306689:415936:417244,1537,SCHEDULED,0
1011,2026-03-11 03:42:46,14,306689:415936:417244,1091,SCHEDULED,0
1012,2026-03-11 03:42:46,14,306689:415936:417244,1019,SCHEDULED,0
1013,2026-03-11 03:42:46,18,306444:414007:417199,1054,SCHEDULED,0
1014,2026-03-11 03:42:46,18,306444:414007:417199,1055,SCHEDULED,0
1015,2026-03-11 03:42:46,18,306444:414007:417199,1056,SCHEDULED,0
1016,2026-03-11 03:42:46,18,306444:414007:417199,1057,SCHEDULED,0
1017,2026-03-11 03:42:46,18,306444:414007:417199,1058,SCHEDULED,0
1018,2026-03-11 03:42:46,18,306444:414007:417199,1059,SCHEDULED,0
1019,2026-03-11 03:42:46,18,306444:414007:417199,1060,SCHEDULED,0
1020,2026-03-11 03:42:46,18,306444:414007:417199,1061,SCHEDULED,0
1021,2026-03-11 03:42:46,18,306444:414007:417199,1062,SCHEDULED,0
1022,2026-03-11 03:42:46,18,306444:414007:417199,1063,SCHEDULED,0
1023,2026-03-11 03:42:46,18,306444:414007:417199,1065,SCHEDULED,0
1024,2026-03-11 03:42:46,18,306444:414007:417199,1066,SCHEDULED,0
1025,2026-03-11 03:42:46,18,306444:414007:417199,1067,SCHEDULED,0
1026,2026-03-11 03:42:46,18,306444:414007:417199,1068,SCHEDULED,0
1027,2026-03-11 03:42:46,18,306444:414007:417199,1069,SCHEDULED,0
1028,2026-03-11 03:42:46,18,306444:414007:417199,1070,SCHEDULED,0
1029,2026-03-11 03:42:46,18,306444:414007:417199,1071,SCHEDULED,0
1030,2026-03-11 03:42:46,18,306444:414007:417199,1073,SCHEDULED,0
1031,2026-03-11 03:42:46,18,306444:414007:417199,1074,SCHEDULED,0
1032,2026-03-11 03:42:46,18,306444:414007:417199,1075,SCHEDULED,0
1033,2026-03-11 03:42:46,18,306444:414007:417199,1076,SCHEDULED,0
1034,2026-03-11 03:42:46,18,306444:414007:417199,1077,SCHEDULED,0
1035,2026-03-11 03:42:46,18,306444:414007:417199,1079,SCHEDULED,0
1036,2026-03-11 03:42:46,18,306444:414007:417199,1080,SCHEDULED,0
1037,2026-03-11 03:42:46,18,306444:414007:417199,1081,SCHEDULED,0
1038,2026-03-11 03:42:46,18,306444:414007:417199,1083,SCHEDULED,0
1039,2026-03-11 03:42:46,18,306444:414007:417199,1084,SCHEDULED,0
1040,2026-03-11 03:42:46,18,306444:414007:417199,1085,SCHEDULED,0
1041,2026-03-11 03:42:46,18,306444:414007:417199,1086,SCHEDULED,0
1042,2026-03-11 03:42:46,18,306444:414007:417199,1087,SCHEDULED,0
1043,2026-03-11 03:42:46,18,306444:414007:417199,1843,SCHEDULED,0
1044,2026-03-11 03:42:46,18,306444:414007:417199,1577,SCHEDULED,0
1045,2026-03-11 03:42:46,18,306444:414007:417199,1019,SCHEDULED,0
1046,2026-03-11 03:42:46,2,307435:415012:417217,1231,SCHEDULED,0
1047,2026-03-11 03:42:46,2,307435:415012:417217,1288,SCHEDULED,27
1048,2026-03-11 03:42:46,2,307435:415012:417217,1823,SCHEDULED,27
1049,2026-03-11 03:42:46,2,307435:415012:417217,1824,SCHEDULED,27
1050,2026-03-11 03:42:46,2,307435:415012:417217,1290,SCHEDULED,27
1051,2026-03-11 03:42:46,2,307435:415012:417217,1291,SCHEDULED,27
1052,2026-03-11 03:42:46,2,307435:415012:417217,1833,SCHEDULED,27
1053,2026-03-11 03:42:46,2,307435:415012:417217,1292,SCHEDULED,27
1054,2026-03-11 03:42:46,2,307435:415012:417217,1293,SCHEDULED,27
1055,2026-03-11 03:42:46,2,307435:415012:417217,1222,SCHEDULED,-82
1056,2026-03-11 03:42:46,2,307435:415012:417217,1223,SCHEDULED,27
1057,2026-03-11 03:42:46,2,307435:415012:417217,1294,SCHEDULED,27
1058,2026-03-11 03:42:46,2,307435:415012:417217,1457,SCHEDULED,27
1059,2026-03-11 03:42:46,2,307435:415012:417217,1458,SCHEDULED,27
1060,2026-03-11 03:42:46,2,307435:415012:417217,1459,SCHEDULED,-7
1061,2026-03-11 03:42:46,2,307435:415012:417217,1304,SCHEDULED,-29
1062,2026-03-11 03:42:46,2,307435:415012:417217,1305,SCHEDULED,-14
1063,2026-03-11 03:42:46,2,307435:415012:417217,1846,SCHEDULED,-14
1064,2026-03-11 03:42:46,2,307435:415012:417217,1115,SCHEDULED,-14
1065,2026-03-11 03:42:46,2,307435:415012:417217,1116,SCHEDULED,36
1066,2026-03-11 03:42:46,2,307435:415012:417217,1844,SCHEDULED,36
1067,2026-03-11 03:42:46,2,307435:415012:417217,1119,SCHEDULED,36
1068,2026-03-11 03:42:46,2,307435:415012:417217,1120,SKIPPED,36
1069,2026-03-11 03:42:46,2,307435:415012:417217,1121,SCHEDULED,-67
1070,2026-03-11 03:42:46,18,306443:415692:417199,1019,SCHEDULED,0
1071,2026-03-11 03:42:46,18,306443:415692:417199,1021,SCHEDULED,0
1072,2026-03-11 03:42:46,18,306443:415692:417199,1842,SCHEDULED,0
1073,2026-03-11 03:42:46,18,306443:415692:417199,1026,SCHEDULED,0
1074,2026-03-11 03:42:46,18,306443:415692:417199,1027,SCHEDULED,0
1075,2026-03-11 03:42:46,18,306443:415692:417199,1028,SCHEDULED,0
1076,2026-03-11 03:42:46,18,306443:415692:417199,1029,SCHEDULED,0
1077,2026-03-11 03:42:46,18,306443:415692:417199,1030,SCHEDULED,0
1078,2026-03-11 03:42:46,18,306443:415692:417199,1031,SCHEDULED,0
1079,2026-03-11 03:42:46,18,306443:415692:417199,1034,SCHEDULED,0
1080,2026-03-11 03:42:46,18,306443:415692:417199,1035,SCHEDULED,0
1081,2026-03-11 03:42:46,18,306443:415692:417199,1036,SCHEDULED,0
1082,2026-03-11 03:42:46,18,306443:415692:417199,1037,SCHEDULED,0
1083,2026-03-11 03:42:46,18,306443:415692:417199,1038,SCHEDULED,0
1084,2026-03-11 03:42:46,18,306443:415692:417199,1039,SCHEDULED,0
1085,2026-03-11 03:42:46,18,306443:415692:417199,1040,SCHEDULED,0
1086,2026-03-11 03:42:46,18,306443:415692:417199,1041,SCHEDULED,0
1087,2026-03-11 03:42:46,18,306443:415692:417199,1042,SCHEDULED,0
1088,2026-03-11 03:42:46,18,306443:415692:417199,1043,SCHEDULED,0
1089,2026-03-11 03:42:46,18,306443:415692:417199,1044,SCHEDULED,0
1090,2026-03-11 03:42:46,18,306443:415692:417199,1045,SCHEDULED,0
1091,2026-03-11 03:42:46,18,306443:415692:417199,1046,SCHEDULED,0
1092,2026-03-11 03:42:46,18,306443:415692:417199,1047,SCHEDULED,0
1093,2026-03-11 03:42:46,18,306443:415692:417199,1048,SCHEDULED,0
1094,2026-03-11 03:42:46,18,306443:415692:417199,1049,SCHEDULED,0
1095,2026-03-11 03:42:46,18,306443:415692:417199,1050,SCHEDULED,0
1096,2026-03-11 03:42:46,18,306443:415692:417199,1051,SCHEDULED,0
1097,2026-03-11 03:42:46,18,306443:415692:417199,1052,SCHEDULED,0
1098,2026-03-11 03:42:46,18,306443:415692:417199,1053,SCHEDULED,0
1099,2026-03-11 03:42:46,18,306443:415692:417199,1054,SCHEDULED,0
1100,2026-03-11 03:42:46,2,307434:415266:417217,1222,SCHEDULED,-180
1101,2026-03-11 03:42:46,2,307434:415266:417217,1223,SCHEDULED,27
1102,2026-03-11 03:42:46,2,307434:415266:417217,1224,SCHEDULED,27
1103,2026-03-11 03:42:46,2,307434:415266:417217,1867,SCHEDULED,27
1104,2026-03-11 03:42:46,2,307434:415266:417217,1226,SCHEDULED,27
1105,2026-03-11 03:42:46,2,307434:415266:417217,1227,SCHEDULED,27
1106,2026-03-11 03:42:46,2,307434:415266:417217,1228,SCHEDULED,27
1107,2026-03-11 03:42:46,2,307434:415266:417217,1229,SCHEDULED,27
1108,2026-03-11 03:42:46,2,307434:415266:417217,1230,SCHEDULED,27
1109,2026-03-11 03:42:46,2,307434:415266:417217,1231,SCHEDULED,27
1110,2026-03-11 03:42:46,1,307049:416535:417215,1019,SCHEDULED,0
1111,2026-03-11 03:42:46,1,307049:416535:417215,1829,SCHEDULED,0
1112,2026-03-11 03:42:46,1,307049:416535:417215,1093,SCHEDULED,0
1113,2026-03-11 03:42:46,1,307049:416535:417215,1094,SCHEDULED,0
1114,2026-03-11 03:42:46,1,307049:416535:417215,1095,SCHEDULED,0
1115,2026-03-11 03:42:46,1,307049:416535:417215,1096,SCHEDULED,0
1116,2026-03-11 03:42:46,1,307049:416535:417215,1097,SCHEDULED,0
1117,2026-03-11 03:42:46,1,307049:416535:417215,1098,SCHEDULED,0
1118,2026-03-11 03:42:46,1,307049:416535:417215,1099,SCHEDULED,0
1119,2026-03-11 03:42:46,1,307049:416535:417215,1100,SCHEDULED,0
1120,2026-03-11 03:42:46,1,307049:416535:417215,1101,SCHEDULED,0
1121,2026-03-11 03:42:46,1,307049:416535:417215,1102,SCHEDULED,0
1122,2026-03-11 03:42:46,1,307049:416535:417215,1104,SCHEDULED,0
1123,2026-03-11 03:42:46,1,307049:416535:417215,1105,SCHEDULED,0
1124,2026-03-11 03:42:46,1,307049:416535:417215,1106,SCHEDULED,0
1125,2026-03-11 03:42:46,1,307049:416535:417215,1108,SCHEDULED,0
1126,2026-03-11 03:42:46,1,307049:416535:417215,1112,SCHEDULED,0
1127,2026-03-11 03:42:46,1,307049:416535:417215,1113,SCHEDULED,0
1128,2026-03-11 03:42:46,1,307049:416535:417215,1114,SCHEDULED,0
1129,2026-03-11 03:42:46,1,307049:416535:417215,1115,SCHEDULED,0
1130,2026-03-11 03:42:46,1,307049:416535:417215,1116,SCHEDULED,-40
1131,2026-03-11 03:42:46,1,307049:416535:417215,1117,SCHEDULED,-40
1132,2026-03-11 03:42:46,1,307049:416535:417215,1118,SCHEDULED,-40
1133,2026-03-11 03:42:46,1,307049:416535:417215,1119,SCHEDULED,-40
1134,2026-03-11 03:42:46,1,307049:416535:417215,1120,SKIPPED,-40
1135,2026-03-11 03:42:46,1,307049:416535:417215,1121,SCHEDULED,-143
1136,2026-03-11 03:42:46,3M,307308:414491:417245,ALL_STOPS,CANCELED,0
